X;Y;Z;Time
0;2;4,95;0,02
0;2;4,95;0,04
0;2;4,95;0,37
-0,564;0,674;4,95;0,44
-0,643;0,464;4,95;0,47
-0,643;0,464;4,95;0,47
-0,66;0,416;4,95;0,48
-0,66;0,416;4,95;0,48
-0,66;0,416;4,95;0,49
-0,66;0,416;4,95;0,5
-0,66;0,416;4,95;0,5
-0,66;0,416;4,95;0,51
-0,66;0,416;4,95;0,51
-0,66;0,416;4,95;0,51
-0,66;0,416;4,95;0,51
-0,66;0,416;4,95;0,52
-0,66;0,416;4,95;0,52
-0,66;0,416;4,95;0,52
-0,66;0,416;4,95;0,53
-0,66;0,416;4,95;0,53
-0,66;0,416;4,95;0,53
-0,66;0,416;4,95;0,54
-0,66;0,416;4,95;0,54
-0,66;0,416;4,95;0,56
-0,66;0,416;4,95;0,56
-0,66;0,416;4,95;0,57
-0,66;0,416;4,95;0,57
-0,66;0,416;4,95;0,58
-0,66;0,416;4,95;0,58
-0,66;0,416;4,95;0,58
-0,66;0,416;4,95;0,59
-0,66;0,416;4,95;0,59
-0,66;0,416;4,95;0,59
-0,66;0,416;4,95;0,6
-0,66;0,416;4,95;0,6
-0,66;0,416;4,95;0,6
-0,66;0,416;4,95;0,61
-0,66;0,416;4,95;0,62
-0,66;0,416;4,95;0,62
-0,66;0,416;4,95;0,63
-0,66;0,416;4,95;0,63
-0,66;0,416;4,95;0,64
-0,66;0,416;4,95;0,64
-0,66;0,416;4,95;0,64
-0,66;0,416;4,95;0,65
-0,66;0,416;4,95;0,65
-0,66;0,416;4,95;0,65
-0,66;0,416;4,95;0,66
-0,66;0,416;4,95;0,66
-0,66;0,416;4,95;0,66
-0,66;0,416;4,95;0,67
-0,66;0,416;4,95;0,67
-0,66;0,416;4,95;0,68
-0,66;0,416;4,95;0,68
-0,66;0,416;4,95;0,69
-0,66;0,416;4,95;0,69
-0,66;0,416;4,95;0,69
-0,66;0,416;4,95;0,69
-0,66;0,416;4,95;0,7
-0,66;0,416;4,95;0,7
-0,66;0,416;4,95;0,7
-0,66;0,416;4,95;0,71
-0,66;0,416;4,95;0,71
-0,66;0,416;4,95;0,71
-0,66;0,416;4,95;0,72
-0,66;0,416;4,95;0,72
-0,66;0,416;4,95;0,72
-0,66;0,416;4,95;0,73
-0,66;0,416;4,95;0,73
-0,66;0,416;4,95;0,73
-0,66;0,416;4,95;0,74
-0,66;0,416;4,95;0,74
-0,66;0,416;4,95;0,74
-0,66;0,416;4,95;0,75
-0,66;0,416;4,95;0,75
-0,66;0,416;4,95;0,75
-0,66;0,416;4,95;0,76
-0,66;0,416;4,95;0,76
-0,66;0,416;4,95;0,76
-0,66;0,416;4,95;0,77
-0,66;0,416;4,95;0,77
-0,66;0,416;4,95;0,77
-0,66;0,416;4,95;0,77
-0,66;0,416;4,95;0,78
-0,66;0,416;4,95;0,78
-0,66;0,416;4,95;0,78
-0,66;0,416;4,95;0,79
-0,66;0,416;4,95;0,79
-0,66;0,416;4,95;0,79
-0,66;0,416;4,95;0,8
-0,66;0,416;4,95;0,8
-0,66;0,416;4,95;0,8
-0,66;0,416;4,95;0,81
-0,66;0,416;4,95;0,81
-0,66;0,416;4,95;0,81
-0,66;0,416;4,95;0,82
-0,66;0,416;4,95;0,82
-0,66;0,416;4,95;0,82
-0,66;0,416;4,95;0,83
-0,66;0,416;4,95;0,83
-0,66;0,416;4,95;0,83
-0,66;0,416;4,95;0,84
-0,66;0,416;4,95;0,84
-0,66;0,416;4,95;0,84
-0,66;0,416;4,95;0,85
-0,66;0,416;4,95;0,85
-0,66;0,416;4,95;0,85
-0,66;0,416;4,95;0,85
-0,66;0,416;4,95;0,86
-0,66;0,416;4,95;0,86
-0,66;0,416;4,95;0,86
-0,66;0,416;4,95;0,87
-0,66;0,416;4,95;0,87
-0,66;0,416;4,95;0,87
-0,66;0,416;4,95;0,88
-0,66;0,416;4,95;0,88
-0,66;0,416;4,95;0,88
-0,66;0,416;4,95;0,89
-0,66;0,416;4,95;0,89
-0,66;0,416;4,95;0,89
-0,66;0,416;4,95;0,9
-0,66;0,416;4,95;0,9
-0,66;0,416;4,95;0,9
-0,66;0,416;4,95;0,91
-0,66;0,416;4,95;0,91
-0,66;0,416;4,95;0,91
-0,66;0,416;4,95;0,91
-0,66;0,416;4,95;0,92
-0,66;0,416;4,95;0,92
-0,66;0,416;4,95;0,92
-0,66;0,416;4,95;0,93
-0,66;0,416;4,95;0,93
-0,66;0,416;4,95;0,93
-0,66;0,416;4,95;0,94
-0,66;0,416;4,95;0,94
-0,66;0,416;4,95;0,94
-0,66;0,416;4,95;0,95
-0,66;0,416;4,95;0,95
-0,66;0,416;4,95;0,95
-0,66;0,416;4,95;0,96
-0,66;0,416;4,95;0,96
-0,66;0,416;4,95;0,96
-0,66;0,416;4,95;0,97
-0,66;0,416;4,95;0,97
-0,66;0,416;4,95;0,97
-0,66;0,416;4,95;0,98
-0,66;0,416;4,95;0,98
-0,66;0,416;4,95;0,98
-0,66;0,416;4,95;0,99
-0,66;0,416;4,95;0,99
-0,66;0,416;4,95;0,99
-0,66;0,416;4,95;1
-0,66;0,416;4,95;1
-0,66;0,416;4,95;1
-0,66;0,416;4,95;1,01
-0,66;0,416;4,95;1,01
-0,66;0,416;4,95;1,01
-0,66;0,416;4,95;1,02
-0,66;0,416;4,95;1,02
-0,66;0,416;4,95;1,02
-0,66;0,416;4,95;1,02
-0,66;0,416;4,95;1,03
-0,66;0,416;4,95;1,03
-0,66;0,416;4,95;1,03
-0,66;0,416;4,95;1,04
-0,66;0,416;4,95;1,04
-0,66;0,416;4,95;1,04
-0,66;0,416;4,95;1,05
-0,608;0,408;4,95;1,05
-0,608;0,408;4,95;1,05
-0,555;0,391;4,95;1,06
-0,555;0,391;4,95;1,06
-0,494;0,364;4,95;1,07
-0,494;0,364;4,95;1,07
-0,442;0,347;4,95;1,07
-0,442;0,347;4,95;1,08
-0,381;0,329;4,95;1,08
-0,381;0,329;4,95;1,08
-0,277;0,293;4,95;1,1
-0,225;0,274;4,95;1,1
-0,225;0,274;4,95;1,11
-0,164;0,256;4,95;1,11
-0,164;0,256;4,95;1,11
-0,112;0,237;4,95;1,12
-0,112;0,237;4,95;1,12
-0,043;0,228;4,95;1,13
-0,043;0,228;4,95;1,13
0,026;0,218;4,95;1,13
0,026;0,218;4,95;1,14
0,095;0,198;4,95;1,14
0,095;0,198;4,95;1,14
0,182;0,187;4,95;1,15
0,182;0,187;4,95;1,15
0,268;0,176;4,95;1,16
0,268;0,176;4,95;1,16
0,346;0,155;4,95;1,16
0,346;0,155;4,95;1,17
0,433;0,132;4,95;1,17
0,433;0,132;4,95;1,17
0,503;0,12;4,95;1,18
0,503;0,12;4,95;1,18
0,564;0,108;4,95;1,18
0,564;0,108;4,95;1,19
0,617;0,095;4,95;1,19
0,617;0,095;4,95;1,19
0,66;0,083;4,95;1,2
0,66;0,083;4,95;1,2
0,704;0,071;4,95;1,21
0,704;0,071;4,95;1,21
0,74;0,059;4,95;1,21
0,74;0,059;4,95;1,22
0,775;0,057;4,95;1,22
0,775;0,057;4,95;1,22
0,802;0,055;4,95;1,23
0,802;0,055;4,95;1,23
0,828;0,043;4,95;1,24
0,891;0,029;4,95;1,25
0,926;0,026;4,95;1,26
0,962;0,024;4,95;1,27
0,962;0,024;4,95;1,27
1,007;0,02;4,95;1,27
1,007;0,02;4,95;1,28
1,052;0,017;4,95;1,28
1,088;0,014;4,95;1,28
1,088;0,014;4,95;1,29
1,143;0,009;4,95;1,29
1,143;0,009;4,95;1,29
1,227;0;4,927;1,31
1,227;0;4,927;1,31
1,265;0;4,864;1,32
1,315;0;4,851;1,32
1,314;0;4,851;1,33
1,366;0;4,81;1,33
1,365;0;4,81;1,33
1,408;0;4,745;1,34
1,407;0;4,746;1,34
1,465;0;4,702;1,34
1,464;0;4,703;1,35
1,529;0;4,656;1,35
1,527;0;4,656;1,36
1,583;0;4,586;1,36
1,582;0;4,587;1,36
1,635;0;4,517;1,37
1,634;0;4,517;1,37
1,694;0;4,445;1,37
1,693;0;4,445;1,38
1,743;0;4,376;1,38
1,741;0;4,377;1,38
1,773;0;4,29;1,39
1,88;0;4,195;1,4
1,878;0;4,196;1,41
1,917;0;4,154;1,41
1,915;0;4,155;1,41
1,944;0;4,093;1,42
1,941;0;4,094;1,42
1,955;0;4,04;1,43
1,953;0;4,041;1,43
1,95;0;4,043;1,43
1,973;0;4,008;1,44
1,97;0;4,009;1,44
1,986;0;3,978;1,44
1,983;0;3,979;1,45
1,984;0;3,955;1,45
1,98;0;3,957;1,45
1,991;0;3,952;1,46
2,001;0;3,946;1,46
1,997;0;3,948;1,47
1,994;0;3,95;1,47
1,991;0;3,952;1,47
1,988;0;3,953;1,48
1,984;0;3,955;1,48
1,981;0;3,957;1,48
1,977;0;3,959;1,49
1,973;0;3,961;1,49
1,969;0;3,963;1,49
1,966;0;3,965;1,5
1,961;0;3,967;1,5
1,957;0;3,969;1,51
1,953;0;3,972;1,51
1,949;0;3,974;1,51
1,945;0;3,976;1,52
1,941;0;3,978;1,52
1,936;0;3,98;1,52
1,932;0;3,983;1,53
1,928;0;3,985;1,53
1,924;0;3,987;1,53
1,92;0;3,989;1,54
1,915;0;3,992;1,54
1,895;0;4,003;1,55
1,889;0;4,006;1,56
1,884;0;4,008;1,56
1,877;0;4,012;1,57
1,872;0;4,015;1,57
1,867;0;4,017;1,57
1,861;0;4,02;1,58
1,856;0;4,023;1,58
1,85;0;4,027;1,59
1,844;0;4,03;1,59
1,839;0;4,032;1,59
1,833;0;4,035;1,6
1,827;0;4,038;1,6
1,822;0;4,041;1,6
1,815;0;4,045;1,61
1,81;0;4,048;1,61
1,803;0;4,051;1,61
1,794;0;4,056;1,62
1,788;0;4,06;1,62
1,782;0;4,063;1,63
1,776;0;4,066;1,63
1,769;0;4,069;1,63
1,764;0;4,072;1,64
1,758;0;4,075;1,64
1,753;0;4,078;1,65
1,747;0;4,081;1,65
1,742;0;4,084;1,65
1,737;0;4,086;1,66
1,732;0;4,089;1,66
1,727;0;4,092;1,66
1,722;0;4,095;1,67
1,717;0;4,097;1,67
1,712;0;4,1;1,67
1,707;0;4,102;1,68
1,702;0;4,105;1,68
1,697;0;4,108;1,69
1,692;0;4,11;1,69
1,688;0;4,113;1,69
1,669;0;4,122;1,71
1,665;0;4,125;1,71
1,661;0;4,127;1,72
1,656;0;4,129;1,72
1,653;0;4,131;1,72
1,649;0;4,133;1,73
1,645;0;4,136;1,73
1,641;0;4,138;1,73
1,637;0;4,139;1,74
1,634;0;4,141;1,74
1,63;0;4,143;1,74
1,627;0;4,145;1,75
1,623;0;4,147;1,75
1,619;0;4,149;1,76
1,616;0;4,151;1,76
1,613;0;4,152;1,76
1,609;0;4,154;1,77
1,607;0;4,156;1,77
1,602;0;4,158;1,77
1,599;0;4,16;1,78
1,595;0;4,162;1,78
1,592;0;4,164;1,79
1,588;0;4,165;1,79
1,585;0;4,167;1,79
1,582;0;4,169;1,8
1,578;0;4,171;1,8
1,574;0;4,173;1,8
1,57;0;4,175;1,81
1,566;0;4,177;1,81
1,562;0;4,18;1,81
1,557;0;4,182;1,82
1,553;0;4,184;1,82
1,549;0;4,187;1,83
1,545;0;4,189;1,83
1,54;0;4,191;1,83
1,536;0;4,193;1,84
1,531;0;4,196;1,84
1,526;0;4,199;1,84
1,505;0;4,21;1,86
1,5;0;4,213;1,86
1,494;0;4,215;1,87
1,49;0;4,218;1,87
1,466;0;4,231;1,89
1,46;0;4,234;1,89
1,454;0;4,237;1,89
1,449;0;4,24;1,9
1,443;0;4,243;1,9
1,437;0;4,246;1,91
1,432;0;4,249;1,91
1,426;0;4,252;1,91
1,42;0;4,255;1,92
1,415;0;4,258;1,92
1,409;0;4,261;1,92
1,402;0;4,265;1,93
1,396;0;4,268;1,93
1,39;0;4,271;1,93
1,383;0;4,274;1,94
1,378;0;4,278;1,94
1,371;0;4,281;1,95
1,365;0;4,284;1,95
1,358;0;4,288;1,95
1,352;0;4,291;1,96
1,345;0;4,295;1,96
1,339;0;4,298;1,96
1,332;0;4,302;1,97
1,326;0;4,305;1,97
1,319;0;4,309;1,97
1,313;0;4,312;1,98
1,306;0;4,316;1,98
1,299;0;4,319;1,99
1,293;0;4,323;1,99
1,287;0;4,326;1,99
1,28;0;4,329;2
1,252;0;4,344;2,01
1,243;0;4,349;2,02
1,238;0;4,352;2,02
1,232;0;4,355;2,03
1,226;0;4,358;2,03
1,221;0;4,361;2,03
1,215;0;4,364;2,04
1,21;0;4,367;2,04
1,204;0;4,37;2,04
1,199;0;4,373;2,05
1,193;0;4,375;2,05
1,188;0;4,378;2,05
1,183;0;4,381;2,06
1,178;0;4,384;2,06
1,172;0;4,387;2,07
1,167;0;4,389;2,07
1,163;0;4,392;2,07
1,158;0;4,394;2,08
1,154;0;4,397;2,08
1,148;0;4,399;2,08
1,143;0;4,402;2,09
1,139;0;4,405;2,09
1,134;0;4,407;2,09
1,13;0;4,409;2,1
1,125;0;4,412;2,1
1,121;0;4,414;2,11
1,117;0;4,416;2,11
1,112;0;4,419;2,11
1,108;0;4,421;2,12
1,104;0;4,423;2,12
1,1;0;4,425;2,12
1,097;0;4,427;2,13
1,093;0;4,429;2,13
1,089;0;4,431;2,13
1,086;0;4,433;2,14
1,083;0;4,434;2,14
1,079;0;4,436;2,14
1,076;0;4,438;2,15
1,062;0;4,445;2,16
1,059;0;4,447;2,17
1,056;0;4,449;2,17
1,053;0;4,45;2,17
1,05;0;4,452;2,18
1,047;0;4,453;2,18
1,044;0;4,455;2,19
1,042;0;4,456;2,19
1,039;0;4,458;2,19
1,037;0;4,459;2,2
1,034;0;4,46;2,2
1,032;0;4,461;2,2
1,029;0;4,463;2,21
1,027;0;4,464;2,21
1,025;0;4,465;2,21
1,023;0;4,466;2,22
1,021;0;4,467;2,22
1,018;0;4,469;2,23
1,016;0;4,47;2,23
1,015;0;4,471;2,23
1,013;0;4,472;2,24
1,011;0;4,472;2,24
1,009;0;4,473;2,24
1,008;0;4,474;2,25
1,006;0;4,475;2,25
1,005;0;4,476;2,25
1,004;0;4,476;2,26
1,002;0;4,477;2,26
1,001;0;4,478;2,26
1;0;4,478;2,27
0,999;0;4,479;2,27
0,998;0;4,48;2,28
0,997;0;4,48;2,28
0,996;0;4,481;2,28
0,995;0;4,481;2,29
0,994;0;4,481;2,29
0,994;0;4,482;2,29
0,993;0;4,482;2,3
0,992;0;4,482;2,3
0,991;0;4,483;2,32
0,991;0;4,483;2,32
0,991;0;4,483;2,32
0,991;0;4,483;2,33
0,991;0;4,483;2,33
0,991;0;4,483;2,33
0,991;0;4,483;2,34
0,991;0;4,483;2,34
0,991;0;4,483;2,34
0,991;0;4,483;2,35
0,991;0;4,483;2,35
0,991;0;4,483;2,35
0,991;0;4,483;2,36
0,991;0;4,483;2,36
0,991;0;4,483;2,36
0,991;0;4,483;2,37
0,991;0;4,483;2,37
0,991;0;4,483;2,37
0,991;0;4,483;2,37
0,991;0;4,483;2,38
0,991;0;4,483;2,38
0,991;0;4,483;2,38
0,991;0;4,483;2,39
0,991;0;4,483;2,39
0,991;0;4,483;2,39
0,991;0;4,483;2,4
0,991;0;4,483;2,4
0,991;0;4,483;2,4
0,991;0;4,483;2,41
0,991;0;4,483;2,41
0,991;0;4,483;2,41
0,991;0;4,483;2,42
0,991;0;4,483;2,42
0,991;0;4,483;2,42
0,991;0;4,483;2,43
0,991;0;4,483;2,43
0,991;0;4,483;2,43
0,991;0;4,483;2,44
0,991;0;4,483;2,44
0,991;0;4,483;2,44
0,991;0;4,483;2,44
0,991;0;4,483;2,45
0,991;0;4,483;2,45
0,991;0;4,483;2,47
0,991;0;4,483;2,47
0,991;0;4,483;2,47
0,991;0;4,483;2,48
0,991;0;4,483;2,48
0,991;0;4,483;2,48
0,991;0;4,483;2,49
0,991;0;4,483;2,49
0,991;0;4,483;2,49
0,991;0;4,483;2,5
0,991;0;4,483;2,5
0,991;0;4,483;2,5
0,991;0;4,483;2,51
0,991;0;4,483;2,51
0,991;0;4,483;2,51
0,991;0;4,483;2,51
0,988;0;4,461;2,52
0,988;0;4,461;2,52
0,978;0;4,443;2,53
0,978;0;4,443;2,53
0,978;0;4,443;2,53
0,978;0;4,443;2,54
0,969;0;4,426;2,54
0,969;0;4,426;2,54
0,969;0;4,426;2,55
0,969;0;4,426;2,55
0,969;0;4,426;2,55
0,959;0;4,408;2,56
0,959;0;4,408;2,56
0,959;0;4,408;2,56
0,959;0;4,408;2,57
0,95;0;4,39;2,57
0,95;0;4,39;2,57
0,95;0;4,39;2,58
0,95;0;4,39;2,58
0,95;0;4,39;2,59
0,95;0;4,39;2,59
0,95;0;4,39;2,59
0,95;0;4,39;2,59
0,95;0;4,39;2,6
0,95;0;4,39;2,6
0,95;0;4,39;2,6
0,95;0;4,39;2,62
0,95;0;4,39;2,62
0,95;0;4,39;2,63
0,95;0;4,39;2,63
0,95;0;4,39;2,63
0,95;0;4,39;2,64
0,95;0;4,39;2,64
0,95;0;4,39;2,64
0,95;0;4,39;2,65
0,95;0;4,39;2,65
0,95;0;4,39;2,65
0,95;0;4,39;2,66
0,95;0;4,39;2,66
0,95;0;4,39;2,66
0,95;0;4,39;2,66
0,95;0;4,39;2,67
0,95;0;4,39;2,67
0,95;0;4,39;2,67
0,95;0;4,39;2,68
0,95;0;4,39;2,68
0,95;0;4,39;2,68
0,95;0;4,39;2,69
0,95;0;4,39;2,69
0,95;0;4,39;2,69
0,95;0;4,39;2,7
0,95;0;4,39;2,7
0,95;0;4,39;2,7
0,95;0;4,39;2,71
0,95;0;4,39;2,71
0,95;0;4,39;2,71
0,95;0;4,39;2,72
0,95;0;4,39;2,72
0,95;0;4,39;2,72
0,95;0;4,39;2,72
0,95;0;4,39;2,73
0,95;0;4,39;2,73
0,95;0;4,39;2,73
0,95;0;4,39;2,74
0,95;0;4,39;2,74
0,95;0;4,39;2,74
0,95;0;4,39;2,75
0,95;0;4,39;2,75
0,894;0;4,397;2,76
0,894;0;4,397;2,76
0,83;0;4,386;2,76
0,83;0;4,386;2,77
0,759;0;4,378;2,77
0,759;0;4,378;2,77
0,685;0;4,393;2,78
0,685;0;4,393;2,78
0,603;0;4,389;2,78
0,603;0;4,389;2,79
0,603;0;4,389;2,79
0,515;0;4,386;2,79
0,515;0;4,386;2,8
0,421;0;4,365;2,8
0,421;0;4,365;2,8
0,316;0;4,348;2,81
0,316;0;4,348;2,81
0,218;0;4,346;2,81
0,218;0;4,346;2,82
0,135;0;4,338;2,82
0,135;0;4,338;2,82
0,052;0;4,328;2,83
0,052;0;4,328;2,83
-0,027;0;4,299;2,83
-0,027;0;4,299;2,84
-0,116;0;4,255;2,84
-0,116;0;4,255;2,85
-0,184;0;4,256;2,85
-0,184;0;4,256;2,85
-0,246;0;4,222;2,86
-0,246;0;4,222;2,86
-0,3;0;4,218;2,86
-0,3;0;4,218;2,87
-0,342;0;4,211;2,87
-0,342;0;4,211;2,88
-0,37;0;4,201;2,88
-0,37;0;4,201;2,88
-0,38;0;4,218;2,89
-0,38;0;4,218;2,89
-0,386;0;4,22;2,89
-0,386;0;4,22;2,9
-0,383;0;4,235;2,9
-0,383;0;4,235;2,91
-0,38;0;4,25;2,91
-0,361;0;4,279;2,93
-0,345;0;4,292;2,93
-0,345;0;4,292;2,93
-0,319;0;4,32;2,94
-0,319;0;4,32;2,94
-0,29;0;4,33;2,94
-0,29;0;4,33;2,95
-0,26;0;4,341;2,95
-0,26;0;4,341;2,95
-0,23;0;4,351;2,96
-0,23;0;4,351;2,96
-0,187;0;4,358;2,96
-0,187;0;4,358;2,97
-0,137;0;4,363;2,97
-0,137;0;4,363;2,98
-0,137;0;4,363;2,98
-0,079;0;4,365;2,98
-0,079;0;4,365;2,99
-0,009;0;4,364;2,99
-0,009;0;4,364;2,99
0,081;0;4,373;3
0,081;0;4,373;3
0,198;0;4,353;3
0,198;0;4,353;3,01
0,336;0;4,322;3,01
0,336;0;4,322;3,02
0,472;0;4,267;3,02
0,472;0;4,267;3,02
0,599;0;4,192;3,03
0,599;0;4,192;3,03
0,71;0;4,118;3,03
0,71;0;4,118;3,04
0,795;0;4,055;3,04
0,795;0;4,055;3,04
0,888;0;3,983;3,05
0,888;0;3,983;3,05
0,965;0;3,897;3,05
0,965;0;3,897;3,06
0,965;0;3,897;3,06
1,097;0;3,752;3,08
1,14;0;3,662;3,08
1,14;0;3,662;3,08
1,175;0;3,576;3,09
1,175;0;3,576;3,09
1,213;0;3,487;3,09
1,213;0;3,487;3,1
1,249;0;3,439;3,1
1,249;0;3,439;3,11
1,269;0;3,362;3,11
1,269;0;3,362;3,11
1,288;0;3,306;3,12
1,288;0;3,306;3,12
1,287;0;3,229;3,12
1,287;0;3,229;3,13
1,299;0;3,16;3,13
1,299;0;3,16;3,13
1,321;0;3,041;3,15
1,34;0;2,984;3,15
1,34;0;2,984;3,16
1,354;0;2,931;3,16
1,354;0;2,931;3,17
1,363;0;2,882;3,17
1,363;0;2,882;3,17
1,367;0;2,838;3,18
1,367;0;2,838;3,18
1,371;0;2,795;3,18
1,371;0;2,795;3,19
1,371;0;2,795;3,19
1,385;0;2,76;3,19
1,385;0;2,76;3,2
1,384;0;2,722;3,2
1,384;0;2,722;3,2
1,387;0;2,679;3,21
1,387;0;2,679;3,21
1,396;0;2,649;3,21
1,395;0;2,591;3,23
1,395;0;2,591;3,23
1,396;0;2,57;3,24
1,396;0;2,57;3,24
1,4;0;2,545;3,24
1,4;0;2,545;3,25
1,388;0;2,521;3,25
1,388;0;2,521;3,25
1,389;0;2,501;3,26
1,389;0;2,501;3,26
1,392;0;2,496;3,27
1,392;0;2,496;3,27
1,386;0;2,485;3,27
1,386;0;2,485;3,28
1,389;0;2,48;3,28
1,389;0;2,48;3,28
1,383;0;2,469;3,29
1,383;0;2,469;3,29
1,383;0;2,469;3,29
1,383;0;2,469;3,3
1,383;0;2,469;3,3
1,383;0;2,469;3,3
1,383;0;2,469;3,31
1,383;0;2,469;3,31
1,383;0;2,469;3,31
1,383;0;2,469;3,32
1,383;0;2,469;3,32
1,383;0;2,469;3,32
1,383;0;2,469;3,33
1,383;0;2,469;3,33
1,383;0;2,469;3,33
1,383;0;2,469;3,34
1,383;0;2,469;3,34
1,383;0;2,469;3,34
1,383;0;2,469;3,35
1,383;0;2,469;3,35
1,383;0;2,469;3,35
1,383;0;2,469;3,36
1,383;0;2,469;3,36
1,383;0;2,469;3,36
1,383;0;2,469;3,36
1,383;0;2,469;3,38
1,383;0;2,469;3,38
1,383;0;2,469;3,39
1,383;0;2,469;3,39
1,383;0;2,469;3,39
1,383;0;2,469;3,4
1,383;0;2,469;3,4
1,383;0;2,469;3,4
1,383;0;2,469;3,41
1,383;0;2,469;3,41
1,383;0;2,469;3,41
1,383;0;2,469;3,42
1,383;0;2,469;3,42
1,383;0;2,469;3,42
1,383;0;2,469;3,42
1,383;0;2,469;3,43
1,383;0;2,469;3,43
1,383;0;2,469;3,43
1,383;0;2,469;3,44
1,383;0;2,469;3,44
1,383;0;2,469;3,44
1,383;0;2,469;3,45
1,383;0;2,469;3,45
1,383;0;2,469;3,45
1,383;0;2,469;3,46
1,383;0;2,469;3,46
1,383;0;2,469;3,46
1,383;0;2,469;3,47
1,383;0;2,469;3,47
1,383;0;2,469;3,47
1,383;0;2,469;3,48
1,383;0;2,469;3,48
1,383;0;2,469;3,48
1,383;0;2,469;3,49
1,383;0;2,469;3,49
1,383;0;2,469;3,49
1,383;0;2,469;3,49
1,383;0;2,469;3,5
1,383;0;2,469;3,5
1,383;0;2,469;3,5
1,383;0;2,469;3,51
1,383;0;2,469;3,51
1,383;0;2,469;3,51
1,383;0;2,469;3,52
1,383;0;2,469;3,52
1,383;0;2,469;3,52
1,383;0;2,469;3,53
1,383;0;2,469;3,53
1,409;0;2,434;3,53
1,409;0;2,434;3,54
1,432;0;2,403;3,54
1,45;0;2,357;3,55
1,45;0;2,357;3,55
1,487;0;2,303;3,55
1,487;0;2,303;3,56
1,52;0;2,253;3,56
1,52;0;2,253;3,56
1,555;0;2,198;3,57
1,555;0;2,198;3,57
1,585;0;2,147;3,58
1,585;0;2,147;3,58
1,602;0;2,094;3,58
1,602;0;2,094;3,59
1,639;0;2,053;3,59
1,639;0;2,053;3,59
1,662;0;2,01;3,6
1,662;0;2,01;3,6
1,681;0;1,971;3,61
1,681;0;1,971;3,61
1,711;0;1,938;3,61
1,73;0;1,899;3,62
1,73;0;1,899;3,62
1,746;0;1,865;3,63
1,746;0;1,865;3,63
1,757;0;1,841;3,64
1,756;0;1,841;3,64
1,782;0;1,812;3,64
1,782;0;1,813;3,65
1,797;0;1,778;3,65
1,796;0;1,779;3,66
1,819;0;1,754;3,66
1,819;0;1,755;3,66
1,831;0;1,726;3,67
1,869;0;1,66;3,68
1,915;0;1,603;3,7
1,936;0;1,577;3,7
1,935;0;1,579;3,71
1,97;0;1,552;3,71
1,993;0;1,52;3,72
1,992;0;1,522;3,72
1,992;0;1,524;3,72
2,026;0;1,496;3,73
2,048;0;1,464;3,73
2,048;0;1,466;3,73
2,071;0;1,428;3,74
2,07;0;1,43;3,74
2,069;0;1,434;3,75
2,091;0;1,401;3,75
2,09;0;1,404;3,75
2,113;0;1,365;3,76
2,112;0;1,368;3,76
2,121;0;1,328;3,77
2,154;0;1,298;3,77
2,153;0;1,301;3,77
2,174;0;1,261;3,78
2,174;0;1,265;3,78
2,193;0;1,231;3,78
2,193;0;1,234;3,79
2,212;0;1,2;3,79
2,211;0;1,204;3,8
2,229;0;1,175;3,8
2,229;0;1,179;3,8
2,26;0;1,152;3,81
2,259;0;1,156;3,81
2,291;0;1,129;3,81
2,29;0;1,133;3,82
2,307;0;1,11;3,82
2,341;0;1,061;3,84
2,34;0;1,067;3,84
2,478;0;0,976;3,86
2,478;0;0,981;3,86
2,478;0;0,986;3,87
2,477;0;0,992;3,87
2,477;0;0,998;3,87
2,477;0;1,004;3,88
2,476;0;1,01;3,88
2,476;0;1,017;3,89
2,475;0;1,022;3,89
2,475;0;1,029;3,89
2,475;0;1,035;3,9
2,474;0;1,041;3,9
2,474;0;1,047;3,9
2,474;0;1,054;3,91
2,473;0;1,06;3,91
2,473;0;1,067;3,92
2,472;0;1,074;3,92
2,472;0;1,08;3,92
2,471;0;1,087;3,93
2,471;0;1,095;3,93
2,47;0;1,103;3,93
2,47;0;1,11;3,94
2,47;0;1,117;3,94
2,469;0;1,124;3,95
2,469;0;1,131;3,95
2,468;0;1,137;3,95
2,468;0;1,143;3,96
2,468;0;1,149;3,96
2,467;0;1,156;3,96
2,467;0;1,162;3,97
2,467;0;1,167;3,97
2,465;0;1,19;3,99
2,465;0;1,195;3,99
2,465;0;1,201;3,99
2,464;0;1,206;4
2,464;0;1,212;4
2,463;0;1,218;4
2,463;0;1,223;4,01
2,463;0;1,228;4,01
2,463;0;1,233;4,02
2,462;0;1,238;4,02
2,462;0;1,243;4,02
2,462;0;1,248;4,03
2,461;0;1,253;4,03
2,461;0;1,257;4,03
2,461;0;1,262;4,04
2,461;0;1,266;4,04
2,46;0;1,27;4,04
2,46;0;1,275;4,05
2,46;0;1,279;4,05
2,459;0;1,284;4,06
2,459;0;1,288;4,06
2,459;0;1,293;4,06
2,459;0;1,296;4,07
2,458;0;1,3;4,07
2,458;0;1,304;4,07
2,458;0;1,307;4,08
2,458;0;1,311;4,08
2,458;0;1,314;4,09
2,457;0;1,318;4,09
2,457;0;1,321;4,09
2,457;0;1,324;4,1
2,457;0;1,328;4,1
2,457;0;1,331;4,1
2,456;0;1,334;4,11
2,456;0;1,337;4,11
2,456;0;1,34;4,12
2,456;0;1,343;4,12
2,456;0;1,346;4,12
2,475;0;1,256;4,14
2,476;0;1,208;4,14
2,476;0;1,21;4,15
2,492;0;1,156;4,15
2,492;0;1,158;4,16
2,491;0;1,097;4,16
2,49;0;1,03;4,17
2,49;0;1,031;4,17
2,487;0;0,957;4,17
2,487;0;0,959;4,18
2,483;0;0,891;4,18
2,477;0;0,83;4,19
2,478;0;0,831;4,19
2,471;0;0,769;4,19
2,472;0;0,77;4,2
2,464;0;0,708;4,2
2,457;0;0,653;4,21
2,457;0;0,654;4,21
2,465;0;0,608;4,22
2,466;0;0,609;4,22
2,444;0;0,568;4,23
2,437;0;0,531;4,23
2,437;0;0,531;4,24
2,417;0;0,502;4,24
2,41;0;0,465;4,25
2,405;0;0,44;4,25
2,405;0;0,44;4,26
2,401;0;0,422;4,26
2,401;0;0,422;4,26
2,396;0;0,397;4,27
2,396;0;0,397;4,27
2,39;0;0,372;4,28
2,367;0;0,339;4,29
2,361;0;0,314;4,3
2,361;0;0,314;4,3
2,355;0;0,29;4,31
2,355;0;0,29;4,31
2,349;0;0,265;4,31
2,349;0;0,265;4,32
2,342;0;0,241;4,32
2,342;0;0,241;4,33
2,334;0;0,21;4,33
2,334;0;0,21;4,33
2,313;0;0,19;4,34
2,313;0;0,19;4,34
2,29;0;0,164;4,35
2,281;0;0,133;4,35
2,281;0;0,133;4,35
2,259;0;0,114;4,36
2,259;0;0,114;4,36
2,236;0;0,088;4,37
2,236;0;0,088;4,37
2,226;0;0,058;4,37
2,226;0;0,058;4,38
2,205;0;0,039;4,38
2,205;0;0,039;4,39
2,198;0;0,021;4,39
2,176;0;0,002;4,39
2,176;0;0,002;4,4
2,157;0;-0,011;4,4
2,157;0;-0,011;4,41
2,15;0;-0,028;4,41
2,15;0;-0,028;4,41
2,13;0;-0,041;4,42
2,13;0;-0,041;4,42
2,112;0;-0,048;4,43
2,112;0;-0,048;4,43
2,09;0;-0,066;4,45
2,072;0;-0,072;4,45
2,072;0;-0,072;4,45
2,07;0;-0,078;4,46
2,065;0;-0,09;4,46
2,065;0;-0,09;4,47
2,052;0;-0,085;4,47
2,052;0;-0,085;4,47
2,047;0;-0,096;4,48
2,047;0;-0,096;4,48
2,032;0;-0,097;4,49
2,032;0;-0,097;4,49
2,016;0;-0,097;4,49
2,016;0;-0,097;4,5
1,98;0;-0,11;4,52
1,98;0;-0,11;4,52
1,976;0;-0,121;4,52
1,973;0;-0,127;4,53
1,973;0;-0,127;4,53
1,953;0;-0,139;4,54
1,953;0;-0,139;4,54
1,935;0;-0,145;4,54
1,935;0;-0,145;4,55
1,914;0;-0,157;4,55
1,914;0;-0,157;4,56
1,907;0;-0,174;4,56
1,907;0;-0,174;4,56
1,886;0;-0,186;4,57
1,865;0;-0,197;4,57
1,865;0;-0,197;4,58
1,845;0;-0,209;4,58
1,845;0;-0,209;4,58
1,795;0;-0,248;4,6
1,795;0;-0,248;4,6
1,787;0;-0,265;4,61
1,787;0;-0,265;4,61
1,769;0;-0,27;4,62
1,763;0;-0,282;4,62
1,763;0;-0,282;4,63
1,745;0;-0,287;4,63
1,742;0;-0,292;4,64
1,742;0;-0,292;4,64
1,737;0;-0,304;4,64
1,737;0;-0,304;4,65
1,734;0;-0,31;4,65
1,734;0;-0,31;4,66
1,731;0;-0,315;4,66
1,728;0;-0,321;4,66
1,728;0;-0,321;4,67
1,728;0;-0,321;4,67
1,728;0;-0,321;4,67
1,725;0;-0,327;4,68
1,725;0;-0,327;4,68
1,722;0;-0,333;4,69
1,719;0;-0,338;4,69
1,719;0;-0,338;4,7
1,716;0;-0,344;4,7
1,716;0;-0,344;4,7
1,713;0;-0,35;4,71
1,713;0;-0,35;4,71
1,713;0;-0,35;4,72
1,713;0;-0,35;4,72
1,71;0;-0,356;4,72
1,704;0;-0,368;4,73
1,704;0;-0,368;4,73
1,701;0;-0,374;4,74
1,701;0;-0,374;4,75
1,698;0;-0,379;4,76
1,698;0;-0,379;4,76
1,698;0;-0,379;4,77
1,698;0;-0,379;4,77
1,698;0;-0,379;4,77
1,698;0;-0,379;4,78
1,698;0;-0,379;4,78
1,698;0;-0,379;4,79
1,698;0;-0,379;4,79
1,698;0;-0,379;4,79
1,698;0;-0,379;4,8
1,695;0;-0,386;4,8
1,695;0;-0,386;4,8
1,695;0;-0,386;4,81
1,695;0;-0,386;4,81
1,695;0;-0,386;4,82
1,695;0;-0,386;4,82
1,695;0;-0,386;4,82
1,695;0;-0,386;4,83
1,695;0;-0,386;4,83
1,691;0;-0,392;4,84
1,691;0;-0,392;4,84
1,691;0;-0,392;4,84
1,688;0;-0,398;4,85
1,688;0;-0,398;4,85
1,688;0;-0,398;4,86
1,688;0;-0,399;4,86
1,687;0;-0,399;4,87
1,687;0;-0,4;4,87
1,697;0;-0,414;4,87
1,697;0;-0,415;4,88
1,697;0;-0,415;4,88
1,696;0;-0,416;4,89
1,696;0;-0,417;4,89
1,683;0;-0,442;4,91
1,675;0;-0,456;4,91
1,681;0;-0,478;4,91
1,681;0;-0,479;4,92
1,672;0;-0,494;4,92
1,672;0;-0,495;4,93
1,66;0;-0,516;4,93
1,666;0;-0,539;4,94
1,665;0;-0,541;4,94
1,652;0;-0,563;4,94
1,651;0;-0,565;4,95
1,657;0;-0,588;4,95
1,656;0;-0,59;4,96
1,65;0;-0,599;4,96
1,641;0;-0,615;4,96
1,64;0;-0,617;4,97
1,634;0;-0,627;4,97
1,642;0;-0,646;4,98
1,641;0;-0,649;4,98
1,635;0;-0,658;4,99
1,633;0;-0,661;4,99
1,632;0;-0,664;5
1,63;0;-0,667;5
1,628;0;-0,67;5
1,626;0;-0,673;5,01
1,624;0;-0,676;5,01
1,618;0;-0,687;5,01
1,616;0;-0,69;5,02
1,629;0;-0,703;5,02
1,626;0;-0,708;5,03
1,624;0;-0,712;5,03
1,323;0;-0,946;5,2
1,031;0;-0,837;5,22
1,027;0;-0,844;5,22
0,957;0;-0,814;5,23
0,953;0;-0,821;5,23
0,872;0;-0,783;5,24
0,794;0;-0,746;5,24
0,789;0;-0,754;5,25
0,722;0;-0,73;5,25
0,719;0;-0,735;5,25
0,668;0;-0,715;5,26
0,663;0;-0,722;5,26
0,612;0;-0,703;5,27
0,562;0;-0,684;5,27
0,559;0;-0,689;5,28
0,521;0;-0,677;5,28
0,475;0;-0,654;5,29
0,472;0;-0,659;5,29
0,435;0;-0,648;5,29
0,431;0;-0,654;5,3
0,398;0;-0,638;5,3
0,394;0;-0,644;5,31
0,357;0;-0,633;5,31
0,324;0;-0,619;5,32
0,32;0;-0,626;5,32
0,295;0;-0,621;5,32
0,291;0;-0,627;5,33
0,267;0;-0,621;5,33
0,263;0;-0,627;5,34
0,24;0;-0,621;5,34
0,215;0;-0,616;5,34
0,212;0;-0,622;5,35
0,169;0;-0,627;5,36
0,146;0;-0,621;5,37
0,143;0;-0,626;5,37
0,129;0;-0,626;5,38
0,126;0;-0,631;5,38
0,113;0;-0,631;5,38
0,11;0;-0,636;5,39
0,098;0;-0,635;5,39
0,087;0;-0,631;5,4
0,085;0;-0,635;5,4
0,067;0;-0,642;5,41
0,065;0;-0,646;5,41
0,052;0;-0,646;5,41
0,052;0;-0,647;5,42
0,049;0;-0,651;5,42
0,037;0;-0,65;5,43
0,035;0;-0,654;5,43
0,022;0;-0,653;5,44
0,02;0;-0,657;5,44
0,018;0;-0,66;5,44
0,016;0;-0,664;5,45
0,004;0;-0,663;5,45
0,001;0;-0,666;5,45
-0,001;0;-0,67;5,46
-0,003;0;-0,673;5,46
-0,005;0;-0,677;5,47
-0,007;0;-0,68;5,47
-0,009;0;-0,684;5,47
-0,011;0;-0,687;5,48
-0,013;0;-0,69;5,48
-0,015;0;-0,693;5,48
-0,016;0;-0,696;5,49
-0,018;0;-0,699;5,49
-0,029;0;-0,696;5,5
-0,031;0;-0,699;5,5
-0,034;0;-0,705;5,52
-0,036;0;-0,707;5,52
-0,037;0;-0,71;5,52
-0,039;0;-0,712;5,53
-0,04;0;-0,714;5,53
-0,041;0;-0,716;5,53
-0,042;0;-0,718;5,54
-0,043;0;-0,72;5,54
-0,044;0;-0,722;5,55
-0,046;0;-0,724;5,55
-0,047;0;-0,725;5,55
-0,048;0;-0,727;5,56
-0,048;0;-0,728;5,56
-0,049;0;-0,73;5,56
-0,05;0;-0,731;5,57
-0,051;0;-0,733;5,57
-0,052;0;-0,734;5,57
-0,053;0;-0,735;5,58
-0,053;0;-0,736;5,58
-0,051;0;-0,733;5,59
-0,052;0;-0,734;5,59
-0,052;0;-0,735;5,59
-0,053;0;-0,736;5,6
-0,053;0;-0,737;5,6
-0,054;0;-0,738;5,6
-0,054;0;-0,738;5,61
-0,055;0;-0,739;5,61
-0,055;0;-0,739;5,61
-0,055;0;-0,74;5,62
-0,062;0;-0,73;5,62
-0,062;0;-0,731;5,63
-0,063;0;-0,731;5,63
-0,063;0;-0,731;5,64
-0,063;0;-0,731;5,64
-0,06;0;-0,726;5,65
-0,06;0;-0,726;5,65
-0,057;0;-0,722;5,67
-0,057;0;-0,722;5,67
-0,054;0;-0,717;5,67
-0,054;0;-0,717;5,68
-0,054;0;-0,717;5,68
-0,054;0;-0,717;5,68
-0,054;0;-0,717;5,69
-0,054;0;-0,717;5,69
-0,054;0;-0,717;5,69
-0,052;0;-0,712;5,7
-0,052;0;-0,712;5,7
-0,061;0;-0,707;5,71
-0,061;0;-0,707;5,71
-0,061;0;-0,707;5,71
-0,061;0;-0,707;5,72
-0,058;0;-0,702;5,72
-0,058;0;-0,702;5,72
-0,065;0;-0,692;5,73
-0,069;0;-0,678;5,73
-0,069;0;-0,678;5,74
-0,082;0;-0,658;5,74
-0,082;0;-0,658;5,74
-0,093;0;-0,634;5,75
-0,093;0;-0,634;5,75
-0,104;0;-0,61;5,75
-0,104;0;-0,61;5,76
-0,13;0;-0,572;5,76
-0,13;0;-0,572;5,77
-0,15;0;-0,543;5,77
-0,15;0;-0,543;5,77
-0,169;0;-0,516;5,78
-0,169;0;-0,516;5,78
-0,191;0;-0,493;5,78
-0,191;0;-0,493;5,79
-0,191;0;-0,493;5,79
-0,204;0;-0,475;5,79
-0,204;0;-0,475;5,8
-0,223;0;-0,448;5,8
-0,273;0;-0,395;5,82
-0,273;0;-0,395;5,82
-0,283;0;-0,374;5,82
-0,283;0;-0,374;5,83
-0,304;0;-0,353;5,83
-0,304;0;-0,353;5,84
-0,317;0;-0,336;5,84
-0,317;0;-0,336;5,84
-0,329;0;-0,32;5,85
-0,329;0;-0,32;5,85
-0,34;0;-0,299;5,85
-0,34;0;-0,299;5,86
-0,353;0;-0,283;5,86
-0,353;0;-0,283;5,86
-0,365;0;-0,267;5,87
-0,365;0;-0,267;5,87
-0,37;0;-0,255;5,87
-0,37;0;-0,255;5,88
-0,388;0;-0,232;5,88
-0,388;0;-0,232;5,89
-0,393;0;-0,22;5,89
-0,393;0;-0,22;5,89
-0,393;0;-0,22;5,9
-0,395;0;-0,204;5,9
-0,395;0;-0,204;5,9
-0,408;0;-0,189;5,91
-0,408;0;-0,189;5,91
-0,411;0;-0,173;5,91
-0,411;0;-0,173;5,92
-0,42;0;-0,15;5,92
-0,42;0;-0,15;5,92
-0,431;0;-0,131;5,93
-0,431;0;-0,131;5,93
-0,441;0;-0,112;5,94
-0,441;0;-0,112;5,94
-0,436;0;-0,1;5,94
-0,436;0;-0,1;5,95
-0,448;0;-0,082;5,95
-0,448;0;-0,082;5,95
-0,462;0;-0,049;5,97
-0,465;0;-0,034;5,97
-0,465;0;-0,034;5,98
-0,476;0;-0,016;5,98
-0,48;0;-0,001;5,99
-0,48;0;-0,001;5,99
-0,48;0;-0,001;5,99
-0,483;0;0,013;6
-0,483;0;0,013;6
-0,495;0;0,031;6
-0,495;0;0,031;6,01
-0,498;0;0,045;6,01
-0,498;0;0,045;6,01
-0,502;0;0,06;6,02
-0,502;0;0,06;6,02
-0,506;0;0,074;6,02
-0,506;0;0,074;6,03
-0,509;0;0,088;6,03
-0,509;0;0,088;6,04
-0,513;0;0,102;6,04
-0,513;0;0,102;6,04
-0,521;0;0,13;6,06
-0,521;0;0,13;6,07
-0,517;0;0,142;6,07
-0,517;0;0,142;6,07
-0,515;0;0,15;6,08
-0,515;0;0,15;6,08
-0,513;0;0,157;6,09
-0,51;0;0,165;6,09
-0,51;0;0,165;6,1
-0,508;0;0,173;6,1
-0,508;0;0,173;6,1
-0,512;0;0,186;6,11
-0,507;0;0,206;6,12
-0,503;0;0,217;6,13
-0,503;0;0,217;6,13
-0,509;0;0,227;6,14
-0,509;0;0,227;6,14
-0,506;0;0,239;6,14
-0,504;0;0,246;6,15
-0,504;0;0,246;6,15
-0,508;0;0,26;6,16
-0,508;0;0,26;6,16
-0,506;0;0,268;6,16
-0,506;0;0,268;6,17
-0,503;0;0,279;6,17
-0,503;0;0,279;6,17
-0,5;0;0,291;6,18
-0,5;0;0,291;6,18
-0,498;0;0,302;6,19
-0,498;0;0,302;6,19
-0,495;0;0,314;6,19
-0,495;0;0,314;6,2
-0,491;0;0,33;6,2
-0,491;0;0,33;6,21
-0,489;0;0,341;6,21
-0,489;0;0,341;6,21
-0,486;0;0,353;6,22
-0,483;0;0,368;6,22
-0,483;0;0,368;6,23
-0,479;0;0,384;6,23
-0,479;0;0,384;6,23
-0,476;0;0,4;6,24
-0,476;0;0,4;6,24
-0,473;0;0,415;6,25
-0,473;0;0,415;6,25
-0,47;0;0,431;6,25
-0,47;0;0,431;6,26
-0,462;0;0,478;6,27
-0,462;0;0,478;6,28
-0,46;0;0,49;6,28
-0,46;0;0,49;6,29
-0,458;0;0,502;6,29
-0,457;0;0,513;6,29
-0,457;0;0,513;6,3
-0,454;0;0,529;6,3
-0,454;0;0,529;6,31
-0,453;0;0,541;6,31
-0,453;0;0,541;6,31
-0,451;0;0,553;6,32
-0,442;0;0,564;6,32
-0,442;0;0,564;6,33
-0,432;0;0,575;6,33
-0,432;0;0,575;6,33
-0,432;0;0,575;6,34
-0,431;0;0,587;6,34
-0,421;0;0,598;6,35
-0,421;0;0,598;6,35
-0,42;0;0,614;6,35
-0,42;0;0,614;6,36
-0,41;0;0,625;6,36
-0,41;0;0,625;6,36
-0,401;0;0,636;6,37
-0,401;0;0,636;6,37
-0,4;0;0,648;6,38
-0,4;0;0,648;6,38
-0,391;0;0,66;6,38
-0,391;0;0,66;6,39
-0,39;0;0,668;6,39
-0,39;0;0,668;6,39
-0,381;0;0,679;6,4
-0,381;0;0,679;6,4
-0,38;0;0,692;6,41
-0,38;0;0,692;6,41
-0,371;0;0,716;6,43
-0,37;0;0,728;6,43
-0,37;0;0,728;6,43
-0,361;0;0,74;6,44
-0,361;0;0,74;6,44
-0,361;0;0,752;6,45
-0,352;0;0,764;6,45
-0,352;0;0,764;6,45
-0,352;0;0,764;6,46
-0,352;0;0,777;6,46
-0,351;0;0,793;6,47
-0,351;0;0,793;6,47
-0,343;0;0,805;6,47
-0,343;0;0,805;6,48
-0,334;0;0,826;6,48
-0,334;0;0,826;6,48
-0,326;0;0,842;6,49
-0,326;0;0,842;6,49
-0,317;0;0,859;6,5
-0,317;0;0,859;6,5
-0,317;0;0,88;6,5
-0,317;0;0,88;6,51
-0,31;0;0,905;6,51
-0,31;0;0,905;6,52
-0,302;0;0,931;6,52
-0,302;0;0,931;6,52
-0,303;0;0,952;6,53
-0,303;0;0,952;6,53
-0,296;0;0,978;6,53
-0,296;0;0,978;6,54
-0,288;0;0,999;6,54
-0,288;0;0,999;6,54
-0,274;0;1,034;6,55
-0,274;0;1,034;6,55
-0,259;0;1,07;6,56
-0,259;0;1,07;6,56
-0,246;0;1,106;6,56
-0,219;0;1,18;6,58
-0,219;0;1,18;6,58
-0,207;0;1,221;6,59
-0,207;0;1,221;6,59
-0,187;0;1,265;6,59
-0,187;0;1,265;6,6
-0,175;0;1,299;6,6
-0,175;0;1,299;6,6
-0,171;0;1,327;6,61
-0,171;0;1,327;6,61
-0,158;0;1,357;6,61
-0,158;0;1,357;6,62
-0,144;0;1,379;6,62
-0,139;0;1,399;6,63
-0,139;0;1,399;6,63
-0,115;0;1,418;6,63
-0,115;0;1,418;6,64
-0,109;0;1,434;6,64
-0,109;0;1,434;6,65
-0,101;0;1,441;6,65
-0,101;0;1,441;6,65
-0,094;0;1,452;6,66
-0,094;0;1,452;6,66
-0,086;0;1,459;6,67
-0,086;0;1,459;6,67
-0,078;0;1,465;6,67
-0,078;0;1,465;6,68
-0,07;0;1,472;6,68
-0,051;0;1,477;6,69
-0,051;0;1,477;6,69
-0,051;0;1,477;6,69
-0,051;0;1,477;6,7
-0,033;0;1,486;6,7
-0,033;0;1,486;6,7
-0,023;0;1,483;6,71
-0,023;0;1,483;6,71
-0,004;0;1,488;6,72
0,024;0;1,495;6,73
0,034;0;1,497;6,74
0,034;0;1,497;6,74
0,054;0;1,497;6,74
0,054;0;1,497;6,75
0,074;0;1,501;6,75
0,074;0;1,501;6,75
0,085;0;1,499;6,76
0,085;0;1,499;6,76
0,115;0;1,501;6,77
0,115;0;1,501;6,77
0,125;0;1,503;6,77
0,146;0;1,503;6,78
0,146;0;1,503;6,78
0,168;0;1,502;6,79
0,168;0;1,502;6,79
0,188;0;1,507;6,79
0,188;0;1,507;6,8
0,209;0;1,506;6,8
0,209;0;1,506;6,81
0,231;0;1,506;6,81
0,253;0;1,505;6,81
0,253;0;1,505;6,82
0,275;0;1,505;6,82
0,275;0;1,505;6,82
0,296;0;1,51;6,83
0,296;0;1,51;6,83
0,308;0;1,507;6,84
0,308;0;1,507;6,84
0,331;0;1,506;6,84
0,331;0;1,506;6,85
0,353;0;1,505;6,85
0,353;0;1,505;6,85
0,365;0;1,502;6,86
0,365;0;1,502;6,86
0,387;0;1,507;6,87
0,422;0;1,503;6,88
0,435;0;1,5;6,89
0,446;0;1,502;6,89
0,446;0;1,502;6,9
0,458;0;1,499;6,9
0,458;0;1,499;6,9
0,469;0;1,501;6,91
0,469;0;1,501;6,91
0,482;0;1,498;6,92
0,482;0;1,498;6,92
0,493;0;1,501;6,93
0,505;0;1,503;6,93
0,505;0;1,503;6,93
0,516;0;1,505;6,94
0,516;0;1,505;6,94
0,517;0;1,5;6,95
0,517;0;1,5;6,95
0,517;0;1,5;6,95
0,517;0;1,5;6,96
0,517;0;1,5;6,96
0,517;0;1,5;6,96
0,529;0;1,502;6,97
0,529;0;1,502;6,97
0,54;0;1,504;6,97
0,54;0;1,504;6,98
0,541;0;1,499;6,98
0,541;0;1,499;6,99
0,541;0;1,499;6,99
0,541;0;1,499;6,99
0,541;0;1,499;6,99
0,541;0;1,499;7
0,553;0;1,501;7
0,553;0;1,501;7,01
0,553;0;1,501;7,01
0,553;0;1,501;7,01
0,553;0;1,501;7,01
0,553;0;1,501;7,02
0,553;0;1,501;7,03
0,553;0;1,501;7,04
0,553;0;1,501;7,04
0,553;0;1,501;7,04
0,553;0;1,501;7,05
0,553;0;1,501;7,05
0,553;0;1,501;7,05
0,553;0;1,501;7,06
0,553;0;1,501;7,06
0,553;0;1,501;7,06
0,553;0;1,501;7,07
0,553;0;1,501;7,07
0,553;0;1,501;7,07
0,554;0;1,495;7,08
0,554;0;1,495;7,08
0,554;0;1,495;7,08
0,554;0;1,495;7,09
0,554;0;1,495;7,09
0,554;0;1,495;7,09
0,566;0;1,498;7,1
0,566;0;1,498;7,1
0,566;0;1,498;7,1
0,566;0;1,498;7,11
0,566;0;1,498;7,11
0,566;0;1,498;7,11
0,566;0;1,498;7,12
0,566;0;1,498;7,12
0,578;0;1,5;7,12
0,578;0;1,5;7,13
0,578;0;1,5;7,13
0,578;0;1,5;7,13
0,578;0;1,5;7,14
0,578;0;1,5;7,14
0,579;0;1,494;7,15
0,579;0;1,494;7,15
0,579;0;1,494;7,15
0,579;0;1,494;7,16
0,579;0;1,494;7,16
0,579;0;1,494;7,16
0,591;0;1,497;7,17
0,591;0;1,497;7,17
0,591;0;1,497;7,18
0,602;0;1,499;7,19
0,602;0;1,499;7,19
0,602;0;1,499;7,2
0,602;0;1,499;7,2
0,602;0;1,499;7,2
0,602;0;1,499;7,21
0,602;0;1,499;7,21
0,614;0;1,501;7,21
0,614;0;1,501;7,22
0,615;0;1,495;7,22
0,615;0;1,495;7,22
0,615;0;1,495;7,23
0,627;0;1,498;7,23
0,627;0;1,498;7,24
0,64;0;1,494;7,24
0,64;0;1,494;7,24
0,64;0;1,494;7,25
0,64;0;1,494;7,25
0,666;0;1,493;7,26
0,666;0;1,493;7,26
0,705;0;1,488;7,26
0,705;0;1,488;7,27
0,744;0;1,483;7,27
0,744;0;1,483;7,27
0,784;0;1,478;7,28
0,784;0;1,478;7,28
0,824;0;1,472;7,28
0,824;0;1,472;7,29
0,851;0;1,471;7,29
0,851;0;1,471;7,29
0,851;0;1,471;7,3
0,879;0;1,463;7,3
0,879;0;1,463;7,3
0,907;0;1,461;7,31
0,907;0;1,461;7,31
0,935;0;1,453;7,31
0,935;0;1,453;7,32
0,963;0;1,451;7,32
1,007;0;1,438;7,34
1,007;0;1,438;7,34
1,037;0;1,43;7,34
1,037;0;1,43;7,35
1,052;0;1,425;7,35
1,052;0;1,425;7,35
1,067;0;1,421;7,36
1,067;0;1,421;7,36
1,083;0;1,41;7,37
1,083;0;1,41;7,37
1,098;0;1,405;7,37
1,098;0;1,405;7,38
1,114;0;1,394;7,38
1,114;0;1,394;7,39
1,129;0;1,389;7,39
1,129;0;1,389;7,39
1,144;0;1,385;7,4
1,144;0;1,385;7,4
1,177;0;1,361;7,42
1,177;0;1,361;7,42
1,178;0;1,355;7,43
1,178;0;1,355;7,43
1,193;0;1,35;7,43
1,193;0;1,35;7,44
1,209;0;1,345;7,44
1,209;0;1,345;7,45
1,21;0;1,331;7,45
1,21;0;1,331;7,45
1,211;0;1,324;7,46
1,211;0;1,324;7,46
1,227;0;1,319;7,47
1,227;0;1,319;7,47
1,242;0;1,314;7,47
1,26;0;1,295;7,49
1,26;0;1,288;7,49
1,26;0;1,288;7,5
1,276;0;1,283;7,5
1,276;0;1,283;7,5
1,277;0;1,276;7,51
1,277;0;1,276;7,51
1,293;0;1,271;7,52
1,293;0;1,271;7,52
1,294;0;1,257;7,52
1,294;0;1,257;7,53
1,31;0;1,251;7,53
1,31;0;1,251;7,53
1,327;0;1,239;7,54
1,327;0;1,239;7,54
1,328;0;1,224;7,55
1,328;0;1,224;7,55
1,345;0;1,212;7,55
1,345;0;1,212;7,56
1,345;0;1,212;7,56
1,361;0;1,206;7,56
1,377;0;1,193;7,57
1,377;0;1,193;7,57
1,395;0;1,173;7,58
1,395;0;1,173;7,58
1,396;0;1,151;7,58
1,396;0;1,151;7,59
1,414;0;1,131;7,59
1,414;0;1,131;7,59
1,431;0;1,11;7,6
1,431;0;1,11;7,6
1,448;0;1,097;7,61
1,448;0;1,097;7,61
1,465;0;1,076;7,61
1,465;0;1,076;7,62
1,482;0;1,055;7,62
1,482;0;1,055;7,62
1,533;0;0,998;7,64
1,55;0;0,984;7,64
1,55;0;0,984;7,65
1,55;0;0,984;7,65
1,567;0;0,962;7,66
1,567;0;0,962;7,66
1,584;0;0,94;7,66
1,601;0;0,925;7,67
1,601;0;0,925;7,67
1,618;0;0,918;7,67
1,618;0;0,918;7,68
1,635;0;0,903;7,68
1,635;0;0,903;7,69
1,635;0;0,888;7,69
1,635;0;0,888;7,69
1,652;0;0,881;7,7
1,652;0;0,881;7,7
1,669;0;0,865;7,71
1,669;0;0,865;7,71
1,67;0;0,85;7,71
1,67;0;0,85;7,72
1,67;0;0,835;7,72
1,67;0;0,835;7,72
1,687;0;0,827;7,73
1,687;0;0,812;7,73
1,687;0;0,812;7,73
1,686;0;0,796;7,74
1,686;0;0,796;7,74
1,686;0;0,789;7,75
1,686;0;0,789;7,75
1,703;0;0,773;7,75
1,703;0;0,773;7,76
1,703;0;0,765;7,76
1,703;0;0,765;7,77
1,686;0;0,75;7,77
1,686;0;0,75;7,77
1,703;0;0,735;7,78
1,702;0;0,711;7,79
1,702;0;0,711;7,8
1,701;0;0,696;7,8
1,684;0;0,681;7,8
1,684;0;0,681;7,81
1,683;0;0,666;7,81
1,683;0;0,666;7,82
1,682;0;0,651;7,82
1,682;0;0,651;7,82
1,681;0;0,628;7,83
1,681;0;0,628;7,83
1,681;0;0,612;7,84
1,681;0;0,612;7,84
1,663;0;0,598;7,84
1,661;0;0,575;7,85
1,661;0;0,575;7,85
1,66;0;0,56;7,86
1,66;0;0,56;7,86
1,659;0;0,544;7,86
1,659;0;0,544;7,87
1,641;0;0,53;7,87
1,641;0;0,53;7,87
1,64;0;0,508;7,88
1,64;0;0,508;7,88
1,622;0;0,494;7,89
1,622;0;0,494;7,89
1,62;0;0,479;7,89
1,62;0;0,479;7,9
1,618;0;0,456;7,9
1,618;0;0,456;7,9
1,617;0;0,441;7,91
1,616;0;0,426;7,91
1,616;0;0,426;7,92
1,614;0;0,411;7,92
1,614;0;0,411;7,92
1,629;0;0,394;7,93
1,624;0;0,348;7,95
1,624;0;0,348;7,95
1,623;0;0,333;7,96
1,623;0;0,333;7,96
1,621;0;0,318;7,96
1,621;0;0,318;7,97
1,619;0;0,303;7,97
1,619;0;0,303;7,97
1,6;0;0,29;7,98
1,6;0;0,29;7,98
1,599;0;0,282;7,99
1,597;0;0,267;7,99
1,597;0;0,267;7,99
1,579;0;0,255;8
1,579;0;0,255;8
1,577;0;0,24;8,01
1,577;0;0,24;8,01
1,559;0;0,235;8,01
1,559;0;0,235;8,02
1,557;0;0,22;8,02
1,557;0;0,22;8,02
1,538;0;0,207;8,03
1,538;0;0,207;8,03
1,536;0;0,192;8,04
1,536;0;0,192;8,04
1,517;0;0,18;8,04
1,517;0;0,18;8,05
1,499;0;0,168;8,05
1,499;0;0,168;8,05
1,497;0;0,161;8,06
1,497;0;0,161;8,06
1,497;0;0,161;8,06
1,479;0;0,149;8,07
1,479;0;0,149;8,07
1,476;0;0,134;8,07
1,476;0;0,134;8,08
1,474;0;0,119;8,08
1,437;0;0,096;8,1
1,435;0;0,089;8,1
1,435;0;0,089;8,11
1,433;0;0,074;8,11
1,433;0;0,074;8,11
1,43;0;0,06;8,12
1,43;0;0,06;8,12
1,412;0;0,048;8,13
1,412;0;0,048;8,13
1,393;0;0,037;8,13
1,393;0;0,037;8,14
1,376;0;0,033;8,14
1,358;0;0,022;8,15
1,358;0;0,022;8,15
1,355;0;0,008;8,15
1,355;0;0,008;8,16
1,336;0;-0,003;8,16
1,336;0;-0,003;8,17
1,319;0;-0,007;8,17
1,319;0;-0,007;8,17
1,316;0;-0,021;8,18
1,316;0;-0,021;8,18
1,298;0;-0,032;8,18
1,298;0;-0,032;8,19
1,28;0;-0,043;8,19
1,28;0;-0,043;8,19
1,263;0;-0,046;8,2
1,263;0;-0,046;8,2
1,26;0;-0,06;8,21
1,26;0;-0,06;8,21
1,242;0;-0,071;8,21
1,242;0;-0,071;8,22
1,226;0;-0,074;8,22
1,226;0;-0,074;8,22
1,222;0;-0,088;8,23
1,222;0;-0,088;8,23
1,222;0;-0,088;8,24
1,172;0;-0,104;8,25
1,172;0;-0,104;8,25
1,154;0;-0,114;8,26
1,154;0;-0,114;8,26
1,138;0;-0,117;8,27
1,138;0;-0,117;8,27
1,122;0;-0,121;8,27
1,122;0;-0,121;8,28
1,104;0;-0,13;8,28
1,104;0;-0,13;8,28
1,088;0;-0,133;8,29
1,088;0;-0,133;8,29
1,07;0;-0,143;8,3
1,07;0;-0,143;8,3
1,055;0;-0,146;8,3
1,055;0;-0,146;8,31
1,037;0;-0,155;8,31
1,037;0;-0,155;8,31
1,022;0;-0,158;8,32
1,022;0;-0,158;8,32
1,006;0;-0,161;8,33
1,006;0;-0,161;8,33
0,991;0;-0,164;8,33
0,991;0;-0,164;8,34
0,987;0;-0,177;8,34
0,987;0;-0,177;8,34
0,972;0;-0,179;8,35
0,972;0;-0,179;8,35
0,972;0;-0,179;8,36
0,972;0;-0,179;8,36
0,956;0;-0,182;8,36
0,956;0;-0,182;8,37
0,941;0;-0,184;8,37
0,926;0;-0,187;8,37
0,926;0;-0,187;8,38
0,911;0;-0,19;8,38
0,911;0;-0,19;8,39
0,882;0;-0,188;8,4
0,854;0;-0,187;8,41
0,841;0;-0,183;8,41
0,841;0;-0,183;8,41
0,826;0;-0,186;8,42
0,826;0;-0,186;8,42
0,813;0;-0,182;8,42
0,813;0;-0,182;8,43
0,799;0;-0,184;8,43
0,799;0;-0,184;8,44
0,773;0;-0,177;8,44
0,773;0;-0,177;8,44
0,773;0;-0,177;8,45
0,773;0;-0,177;8,45
0,746;0;-0,176;8,45
0,746;0;-0,176;8,46
0,746;0;-0,176;8,46
0,746;0;-0,176;8,46
0,72;0;-0,174;8,47
0,72;0;-0,174;8,47
0,705;0;-0,176;8,48
0,705;0;-0,176;8,48
0,693;0;-0,173;8,48
0,693;0;-0,173;8,49
0,667;0;-0,171;8,49
0,667;0;-0,171;8,49
0,642;0;-0,164;8,5
0,642;0;-0,164;8,5
0,615;0;-0,168;8,51
0,615;0;-0,168;8,51
0,589;0;-0,167;8,51
0,589;0;-0,167;8,52
0,564;0;-0,166;8,52
0,564;0;-0,166;8,52
0,525;0;-0,166;8,53
0,525;0;-0,166;8,53
0,525;0;-0,166;8,53
0,501;0;-0,164;8,54
0,463;0;-0,165;8,55
0,427;0;-0,16;8,56
0,427;0;-0,16;8,56
0,415;0;-0,162;8,56
0,415;0;-0,162;8,57
0,391;0;-0,16;8,57
0,391;0;-0,16;8,58
0,378;0;-0,162;8,58
0,378;0;-0,162;8,58
0,367;0;-0,158;8,59
0,367;0;-0,158;8,59
0,343;0;-0,156;8,6
0,343;0;-0,156;8,6
0,333;0;-0,153;8,6
0,333;0;-0,153;8,61
0,32;0;-0,155;8,61
0,32;0;-0,155;8,61
0,31;0;-0,151;8,62
0,31;0;-0,151;8,62
0,297;0;-0,153;8,63
0,287;0;-0,149;8,63
0,287;0;-0,149;8,63
0,276;0;-0,146;8,64
0,276;0;-0,146;8,64
0,265;0;-0,142;8,65
0,265;0;-0,142;8,65
0,255;0;-0,139;8,65
0,255;0;-0,139;8,66
0,255;0;-0,139;8,66
0,255;0;-0,139;8,66
0,255;0;-0,139;8,67
0,244;0;-0,135;8,67
0,244;0;-0,135;8,68
0,234;0;-0,132;8,68
0,234;0;-0,132;8,68
0,224;0;-0,129;8,69
0,213;0;-0,125;8,7
0,205;0;-0,117;8,71
0,205;0;-0,117;8,71
0,205;0;-0,117;8,71
0,205;0;-0,117;8,72
0,205;0;-0,117;8,72
0,195;0;-0,113;8,73
0,186;0;-0,105;8,73
0,186;0;-0,105;8,73
0,186;0;-0,105;8,74
0,186;0;-0,105;8,74
0,186;0;-0,105;8,74
0,186;0;-0,105;8,75
0,186;0;-0,105;8,75
0,167;0;-0,093;8,75
0,167;0;-0,093;8,76
0,157;0;-0,09;8,76
0,157;0;-0,09;8,76
0,159;0;-0,085;8,77
0,159;0;-0,085;8,77
0,122;0;-0,062;8,79
0,122;0;-0,062;8,79
0,102;0;-0,056;8,8
0,102;0;-0,056;8,8
0,086;0;-0,04;8,8
0,086;0;-0,04;8,81
0,066;0;-0,034;8,81
0,066;0;-0,034;8,81
0,048;0;-0,023;8,82
0,048;0;-0,023;8,82
0,031;0;-0,012;8,83
0,031;0;-0,012;8,83
0,013;0;-0,001;8,83
0,013;0;-0,001;8,84
-0,005;0;0,009;8,84
-0,041;0;0,026;8,86
-0,058;0;0,036;8,86
-0,058;0;0,036;8,87
-0,076;0;0,042;8,87
-0,076;0;0,042;8,87
-0,092;0;0,056;8,88
-0,092;0;0,056;8,88
-0,109;0;0,066;8,88
-0,118;0;0,069;8,89
-0,118;0;0,069;8,89
-0,135;0;0,079;8,9
-0,135;0;0,079;8,9
-0,151;0;0,089;8,91
-0,151;0;0,089;8,91
-0,168;0;0,098;8,91
-0,168;0;0,098;8,92
-0,185;0;0,103;8,92
-0,185;0;0,103;8,92
-0,202;0;0,113;8,93
-0,202;0;0,113;8,93
-0,209;0;0,12;8,94
-0,227;0;0,125;8,94
-0,227;0;0,125;8,94
-0,234;0;0,132;8,95
-0,234;0;0,132;8,95
-0,243;0;0,134;8,96
-0,243;0;0,134;8,96
-0,25;0;0,141;8,96
-0,266;0;0,15;8,97
-0,266;0;0,15;8,97
-0,275;0;0,153;8,98
-0,275;0;0,153;8,98
-0,282;0;0,159;8,98
-0,282;0;0,159;8,99
-0,289;0;0,166;8,99
-0,322;0;0,179;9,01
-0,33;0;0,182;9,01
-0,33;0;0,182;9,02
-0,339;0;0,184;9,02
-0,354;0;0,193;9,03
-0,354;0;0,193;9,03
-0,362;0;0,195;9,03
-0,362;0;0,195;9,04
-0,378;0;0,204;9,04
-0,378;0;0,204;9,05
-0,386;0;0,206;9,05
-0,386;0;0,206;9,05
-0,401;0;0,214;9,06
-0,401;0;0,214;9,06
-0,409;0;0,217;9,07
-0,424;0;0,225;9,07
-0,424;0;0,225;9,07
-0,431;0;0,231;9,08
-0,431;0;0,231;9,08
-0,447;0;0,235;9,09
-0,447;0;0,235;9,09
-0,454;0;0,242;9,09
-0,454;0;0,242;9,1
-0,469;0;0,25;9,1
-0,469;0;0,25;9,1
-0,484;0;0,258;9,11
-0,484;0;0,258;9,11
-0,5;0;0,262;9,12
-0,5;0;0,262;9,12
-0,513;0;0,274;9,12
-0,528;0;0,281;9,13
-0,528;0;0,281;9,13
-0,528;0;0,281;9,14
-0,55;0;0,291;9,14
-0,564;0;0,299;9,14
-0,593;0;0,314;9,16
-0,608;0;0,318;9,17
-0,608;0;0,318;9,17
-0,622;0;0,325;9,17
-0,622;0;0,325;9,18
-0,636;0;0,332;9,18
-0,636;0;0,332;9,18
-0,649;0;0,343;9,19
-0,649;0;0,343;9,19
-0,664;0;0,347;9,2
-0,664;0;0,347;9,2
-0,677;0;0,358;9,2
-0,691;0;0,365;9,21
-0,691;0;0,365;9,21
-0,704;0;0,375;9,22
-0,704;0;0,375;9,22
-0,718;0;0,382;9,22
-0,718;0;0,382;9,23
-0,738;0;0,394;9,23
-0,738;0;0,394;9,23
-0,751;0;0,404;9,24
-0,751;0;0,404;9,24
-0,763;0;0,414;9,25
-0,763;0;0,414;9,25
-0,775;0;0,427;9,25
-0,775;0;0,427;9,26
-0,794;0;0,442;9,26
-0,807;0;0,451;9,27
-0,807;0;0,451;9,27
-0,807;0;0,451;9,27
-0,819;0;0,464;9,28
-0,819;0;0,464;9,28
-0,831;0;0,477;9,28
-0,831;0;0,477;9,29
-0,843;0;0,489;9,29
-0,843;0;0,489;9,29
-0,922;0;0,565;9,33
-0,922;0;0,565;9,34
-0,934;0;0,577;9,34
-0,934;0;0,577;9,34
-0,946;0;0,588;9,35
-0,946;0;0,588;9,35
-0,965;0;0,6;9,35
-0,965;0;0,6;9,36
-0,977;0;0,614;9,36
-0,977;0;0,614;9,36
-0,996;0;0,623;9,37
-0,996;0;0,623;9,37
-1,008;0;0,633;9,37
-1,008;0;0,633;9,38
-1,008;0;0,633;9,38
-1,026;0;0,644;9,38
-1,026;0;0,644;9,39
-1,038;0;0,658;9,39
-1,038;0;0,658;9,4
-1,057;0;0,668;9,4
-1,057;0;0,668;9,4
-1,069;0;0,678;9,41
-1,069;0;0,678;9,41
-1,081;0;0,691;9,41
-1,081;0;0,691;9,42
-1,099;0;0,704;9,42
-1,099;0;0,704;9,42
-1,111;0;0,716;9,43
-1,111;0;0,716;9,43
-1,122;0;0,731;9,44
-1,122;0;0,731;9,44
-1,134;0;0,743;9,44
-1,134;0;0,743;9,45
-1,152;0;0,769;9,46
-1,164;0;0,78;9,47
-1,164;0;0,78;9,47
-1,17;0;0,791;9,47
-1,17;0;0,791;9,48
-1,182;0;0,802;9,48
-1,182;0;0,802;9,48
-1,182;0;0,813;9,49
-1,182;0;0,813;9,49
-1,194;0;0,821;9,49
-1,194;0;0,821;9,5
-1,194;0;0,829;9,5
-1,194;0;0,829;9,51
-1,2;0;0,84;9,51
-1,2;0;0,84;9,51
-1,207;0;0,848;9,52
-1,207;0;0,848;9,52
-1,213;0;0,856;9,52
-1,213;0;0,856;9,53
-1,213;0;0,863;9,53
-1,213;0;0,863;9,54
-1,219;0;0,871;9,54
-1,219;0;0,871;9,54
-1,219;0;0,882;9,55
-1,219;0;0,882;9,55
-1,226;0;0,889;9,56
-1,226;0;0,897;9,56
-1,226;0;0,897;9,56
-1,233;0;0,905;9,57
-1,233;0;0,905;9,57
-1,233;0;0,912;9,58
-1,233;0;0,912;9,58
-1,233;0;0,917;9,58
-1,234;0;0,925;9,59
-1,234;0;0,925;9,59
-1,234;0;0,93;9,6
-1,241;0;0,94;9,61
-1,241;0;0,94;9,62
-1,241;0;0,948;9,62
-1,242;0;0,956;9,63
-1,242;0;0,956;9,63
-1,242;0;0,963;9,63
-1,242;0;0,963;9,64
-1,243;0;0,974;9,64
-1,243;0;0,974;9,65
-1,244;0;0,981;9,65
-1,244;0;0,981;9,65
-1,245;0;0,989;9,66
-1,245;0;0,989;9,66
-1,245;0;0,997;9,67
-1,24;0;1,005;9,67
-1,24;0;1,005;9,67
-1,241;0;1,013;9,68
-1,241;0;1,013;9,68
-1,242;0;1,018;9,69
-1,242;0;1,018;9,69
-1,243;0;1,026;9,69
-1,243;0;1,026;9,7
-1,244;0;1,036;9,7
-1,244;0;1,036;9,7
-1,245;0;1,044;9,71
-1,245;0;1,044;9,71
-1,24;0;1,052;9,72
-1,24;0;1,052;9,72
-1,241;0;1,06;9,73
-1,236;0;1,071;9,73
-1,236;0;1,071;9,73
-1,239;0;1,084;9,74
-1,239;0;1,084;9,74
-1,235;0;1,098;9,75
-1,235;0;1,098;9,75
-1,234;0;1,127;9,77
-1,225;0;1,145;9,77
-1,221;0;1,159;9,77
-1,221;0;1,159;9,78
-1,212;0;1,178;9,78
-1,212;0;1,178;9,78
-1,204;0;1,196;9,79
-1,204;0;1,196;9,79
-1,201;0;1,214;9,79
-1,201;0;1,214;9,8
-1,193;0;1,233;9,8
-1,193;0;1,233;9,8
-1,179;0;1,253;9,81
-1,179;0;1,253;9,81
-1,171;0;1,273;9,82
-1,171;0;1,273;9,82
-1,156;0;1,292;9,82
-1,156;0;1,292;9,83
-1,149;0;1,312;9,83
-1,149;0;1,312;9,83
-1,142;0;1,332;9,84
-1,142;0;1,332;9,84
-1,134;0;1,352;9,84
-1,134;0;1,352;9,85
-1,12;0;1,372;9,85
-1,12;0;1,372;9,85
-1,113;0;1,39;9,86
-1,113;0;1,39;9,86
-1,111;0;1,406;9,87
-1,111;0;1,406;9,87
-1,097;0;1,424;9,87
-1,097;0;1,424;9,88
-1,097;0;1,424;9,88
-1,088;0;1,44;9,88
-1,088;0;1,44;9,89
-1,08;0;1,456;9,89
-1,077;0;1,467;9,89
-1,077;0;1,467;9,9
-1,077;0;1,467;9,9
-1,065;0;1,492;9,91
-1,055;0;1,505;9,92
-1,055;0;1,505;9,92
-1,053;0;1,517;9,93
-1,05;0;1,528;9,93
-1,05;0;1,528;9,93
-1,041;0;1,542;9,94
-1,041;0;1,542;9,94
-1,033;0;1,559;9,95
-1,033;0;1,559;9,95
-1,024;0;1,573;9,95
-1,024;0;1,573;9,96
-1,022;0;1,585;9,96
-1,022;0;1,585;9,96
-1,013;0;1,599;9,97
-1,013;0;1,599;9,97
-1,004;0;1,614;9,97
-1,004;0;1,614;9,98
-0,994;0;1,626;9,98
-0,994;0;1,626;9,99
-0,986;0;1,64;9,99
-0,986;0;1,64;9,99
-0,976;0;1,652;10
-0,976;0;1,652;10
-0,96;0;1,671;10
-0,96;0;1,671;10,01
-0,95;0;1,683;10,01
-0,95;0;1,683;10,01
-0,934;0;1,699;10,02
-0,934;0;1,699;10,02
-0,917;0;1,714;10,03
-0,917;0;1,714;10,03
-0,901;0;1,73;10,03
-0,901;0;1,73;10,04
-0,876;0;1,746;10,04
-0,427;0;2,094;10,21
-0,381;0;2,124;10,23
-0,356;0;2,138;10,23
-0,332;0;2,151;10,24
-0,332;0;2,151;10,24
-0,315;0;2,161;10,25
-0,315;0;2,161;10,25
-0,29;0;2,174;10,26
-0,264;0;2,189;10,26
-0,264;0;2,189;10,27
-0,247;0;2,198;10,27
-0,247;0;2,198;10,27
-0,219;0;2,208;10,28
-0,201;0;2,217;10,28
-0,201;0;2,217;10,29
-0,181;0;2,223;10,29
-0,163;0;2,232;10,3
-0,163;0;2,232;10,3
-0,154;0;2,237;10,3
-0,154;0;2,237;10,31
-0,134;0;2,243;10,31
-0,107;0;2,257;10,33
-0,088;0;2,267;10,34
-0,07;0;2,277;10,34
-0,07;0;2,277;10,34
-0,061;0;2,282;10,35
-0,061;0;2,282;10,35
-0,042;0;2,292;10,36
-0,03;0;2,293;10,36
-0,002;0;2,308;10,38
0,02;0;2,314;10,38
0,02;0;2,314;10,39
0,039;0;2,324;10,39
0,039;0;2,324;10,39
0,061;0;2,33;10,4
0,061;0;2,33;10,4
0,081;0;2,34;10,41
0,081;0;2,34;10,41
0,104;0;2,346;10,42
0,126;0;2,352;10,42
0,126;0;2,352;10,42
0,149;0;2,358;10,43
0,149;0;2,358;10,43
0,172;0;2,363;10,43
0,172;0;2,363;10,44
0,206;0;2,375;10,44
0,232;0;2,375;10,45
0,232;0;2,375;10,45
0,245;0;2,376;10,46
0,245;0;2,376;10,46
0,272;0;2,376;10,47
0,304;0;2,393;10,47
0,304;0;2,393;10,47
0,32;0;2,388;10,48
0,32;0;2,388;10,48
0,345;0;2,393;10,49
0,345;0;2,393;10,49
0,383;0;2,399;10,49
0,383;0;2,399;10,5
0,397;0;2,4;10,5
0,397;0;2,4;10,5
0,425;0;2,4;10,51
0,425;0;2,4;10,51
0,453;0;2,4;10,51
0,51;0;2,4;10,53
0,51;0;2,4;10,53
0,539;0;2,4;10,54
0,539;0;2,4;10,54
0,583;0;2,4;10,55
0,583;0;2,4;10,55
0,627;0;2,4;10,55
0,627;0;2,4;10,56
0,66;0;2,394;10,56
0,66;0;2,394;10,56
0,708;0;2,387;10,57
0,708;0;2,387;10,57
0,754;0;2,386;10,57
0,754;0;2,386;10,58
0,791;0;2,373;10,58
0,791;0;2,373;10,59
0,791;0;2,373;10,59
0,825;0;2,366;10,59
0,87;0;2,371;10,6
0,87;0;2,371;10,6
0,891;0;2,357;10,6
0,891;0;2,357;10,61
0,926;0;2,35;10,61
0,926;0;2,35;10,61
0,926;0;2,35;10,62
0,945;0;2,343;10,62
0,978;0;2,341;10,63
0,978;0;2,341;10,63
0,978;0;2,341;10,63
0,999;0;2,327;10,64
1,019;0;2,32;10,64
1,019;0;2,32;10,65
1,055;0;2,311;10,65
1,055;0;2,311;10,65
1,091;0;2,302;10,66
1,113;0;2,288;10,66
1,113;0;2,288;10,67
1,172;0;2,264;10,68
1,194;0;2,249;10,69
1,194;0;2,249;10,69
1,231;0;2,239;10,69
1,231;0;2,239;10,7
1,254;0;2,224;10,7
1,254;0;2,224;10,7
1,276;0;2,208;10,71
1,276;0;2,208;10,71
1,286;0;2,18;10,72
1,286;0;2,18;10,72
1,326;0;2,162;10,72
1,35;0;2,139;10,73
1,35;0;2,139;10,73
1,35;0;2,139;10,73
1,375;0;2,116;10,74
1,375;0;2,116;10,74
1,398;0;2,099;10,74
1,398;0;2,099;10,75
1,422;0;2,075;10,75
1,422;0;2,075;10,76
1,447;0;2,051;10,76
1,471;0;2,026;10,76
1,471;0;2,026;10,77
1,498;0;1,994;10,77
1,498;0;1,994;10,78
1,506;0;1,965;10,78
1,506;0;1,965;10,78
1,53;0;1,94;10,79
1,554;0;1,914;10,79
1,554;0;1,914;10,8
1,554;0;1,914;10,8
1,578;0;1,888;10,8
1,578;0;1,888;10,81
1,604;0;1,855;10,81
1,628;0;1,829;10,81
1,628;0;1,829;10,82
1,658;0;1,772;10,83
1,684;0;1,737;10,84
1,684;0;1,737;10,84
1,69;0;1,706;10,85
1,69;0;1,706;10,85
1,713;0;1,679;10,85
1,738;0;1,643;10,86
1,738;0;1,643;10,86
1,743;0;1,612;10,87
1,743;0;1,612;10,87
1,766;0;1,584;10,88
1,766;0;1,584;10,88
1,771;0;1,553;10,88
1,776;0;1,521;10,89
1,781;0;1,49;10,9
1,781;0;1,49;10,9
1,802;0;1,469;10,9
1,802;0;1,469;10,91
1,806;0;1,437;10,91
1,806;0;1,437;10,92
1,791;0;1,411;10,92
1,795;0;1,38;10,92
1,795;0;1,38;10,93
1,798;0;1,356;10,93
1,798;0;1,356;10,94
1,801;0;1,333;10,94
1,801;0;1,333;10,94
1,785;0;1,307;10,95
1,785;0;1,307;10,95
1,789;0;1,276;10,96
1,774;0;1,243;10,96
1,774;0;1,243;10,96
1,774;0;1,243;10,97
1,759;0;1,21;10,97
1,746;0;1,139;10,99
1,73;0;1,114;10,99
1,73;0;1,114;10,99
1,715;0;1,082;11
1,715;0;1,082;11
1,699;0;1,051;11,01
1,699;0;1,051;11,01
1,683;0;1,011;11,01
1,683;0;1,011;11,02
1,684;0;0,988;11,02
1,684;0;0,988;11,02
1,668;0;0,957;11,03
1,652;0;0,926;11,03
1,652;0;0,926;11,04
1,635;0;0,903;11,04
1,635;0;0,903;11,04
1,619;0;0,88;11,05
1,619;0;0,88;11,05
1,619;0;0,85;11,05
1,619;0;0,85;11,06
1,602;0;0,82;11,06
1,602;0;0,82;11,07
1,585;0;0,797;11,07
1,585;0;0,797;11,07
1,585;0;0,767;11,08
1,585;0;0,767;11,08
1,568;0;0,745;11,08
1,568;0;0,745;11,09
1,567;0;0,715;11,09
1,567;0;0,715;11,1
1,55;0;0,694;11,1
1,55;0;0,694;11,1
1,549;0;0,664;11,11
1,549;0;0,664;11,11
1,531;0;0,635;11,12
1,531;0;0,635;11,12
1,529;0;0,605;11,12
1,509;0;0,547;11,14
1,491;0;0,519;11,14
1,491;0;0,519;11,15
1,489;0;0,497;11,15
1,489;0;0,497;11,16
1,487;0;0,468;11,16
1,467;0;0,433;11,16
1,467;0;0,433;11,17
1,467;0;0,433;11,17
1,464;0;0,403;11,18
1,445;0;0,376;11,18
1,445;0;0,376;11,18
1,441;0;0,34;11,19
1,441;0;0,34;11,19
1,422;0;0,313;11,2
1,422;0;0,313;11,2
1,418;0;0,284;11,2
1,418;0;0,284;11,21
1,398;0;0,257;11,21
1,378;0;0,231;11,22
1,378;0;0,231;11,22
1,378;0;0,231;11,22
1,375;0;0,21;11,23
1,356;0;0,191;11,23
1,356;0;0,191;11,23
1,352;0;0,162;11,24
1,352;0;0,162;11,24
1,348;0;0,141;11,25
1,348;0;0,141;11,25
1,343;0;0,113;11,26
1,324;0;0,094;11,26
1,324;0;0,094;11,26
1,303;0;0,069;11,27
1,303;0;0,069;11,27
1,303;0;0,069;11,27
1,274;0;0,002;11,29
1,274;0;0,002;11,29
1,253;0;-0,022;11,3
1,253;0;-0,022;11,3
1,219;0;-0,036;11,31
1,219;0;-0,036;11,31
1,214;0;-0,057;11,31
1,214;0;-0,057;11,32
1,194;0;-0,074;11,32
1,194;0;-0,074;11,32
1,175;0;-0,091;11,33
1,175;0;-0,091;11,33
1,157;0;-0,101;11,34
1,157;0;-0,101;11,34
1,138;0;-0,118;11,34
1,138;0;-0,118;11,35
1,12;0;-0,127;11,35
1,12;0;-0,127;11,35
1,101;0;-0,144;11,36
1,101;0;-0,144;11,36
1,083;0;-0,153;11,37
1,064;0;-0,169;11,37
1,064;0;-0,169;11,37
1,06;0;-0,183;11,38
1,06;0;-0,183;11,38
1,041;0;-0,198;11,39
1,041;0;-0,198;11,39
1,023;0;-0,208;11,39
1,023;0;-0,208;11,4
1,019;0;-0,221;11,4
1,019;0;-0,221;11,4
1,002;0;-0,23;11,41
1,002;0;-0,23;11,41
0,984;0;-0,239;11,42
0,984;0;-0,239;11,42
0,967;0;-0,247;11,42
0,949;0;-0,256;11,43
0,917;0;-0,267;11,44
0,917;0;-0,267;11,45
0,899;0;-0,276;11,45
0,899;0;-0,276;11,46
0,882;0;-0,284;11,46
0,882;0;-0,284;11,46
0,867;0;-0,286;11,47
0,867;0;-0,286;11,47
0,837;0;-0,29;11,48
0,837;0;-0,29;11,48
0,822;0;-0,292;11,48
0,822;0;-0,292;11,49
0,792;0;-0,296;11,49
0,792;0;-0,296;11,49
0,778;0;-0,298;11,5
0,778;0;-0,298;11,5
0,748;0;-0,302;11,5
0,748;0;-0,302;11,51
0,719;0;-0,306;11,51
0,719;0;-0,306;11,52
0,692;0;-0,303;11,52
0,692;0;-0,303;11,52
0,666;0;-0,301;11,53
0,666;0;-0,301;11,53
0,652;0;-0,303;11,53
0,652;0;-0,303;11,54
0,625;0;-0,3;11,54
0,625;0;-0,3;11,55
0,597;0;-0,304;11,55
0,597;0;-0,304;11,55
0,56;0;-0,297;11,56
0,56;0;-0,297;11,56
0,523;0;-0,291;11,56
0,523;0;-0,291;11,57
0,523;0;-0,291;11,57
0,511;0;-0,286;11,57
0,484;0;-0,29;11,58
0,424;0;-0,281;11,59
0,424;0;-0,281;11,6
0,387;0;-0,279;11,6
0,365;0;-0,271;11,61
0,365;0;-0,271;11,61
0,352;0;-0,273;11,62
0,352;0;-0,273;11,62
0,326;0;-0,276;11,62
0,326;0;-0,276;11,63
0,305;0;-0,268;11,63
0,305;0;-0,268;11,64
0,282;0;-0,265;11,64
0,282;0;-0,265;11,64
0,269;0;-0,266;11,65
0,246;0;-0,264;11,65
0,246;0;-0,264;11,66
0,236;0;-0,26;11,66
0,236;0;-0,26;11,66
0,213;0;-0,257;11,67
0,213;0;-0,257;11,67
0,201;0;-0,258;11,67
0,201;0;-0,258;11,68
0,181;0;-0,251;11,68
0,181;0;-0,251;11,69
0,168;0;-0,252;11,69
0,168;0;-0,252;11,69
0,146;0;-0,249;11,7
0,146;0;-0,249;11,7
0,124;0;-0,247;11,71
0,124;0;-0,247;11,71
0,114;0;-0,243;11,71
0,073;0;-0,232;11,73
0,042;0;-0,226;11,75
0,031;0;-0,227;11,75
0,031;0;-0,227;11,75
0,012;0;-0,22;11,76
0,012;0;-0,22;11,76
-0,009;0;-0,217;11,77
-0,028;0;-0,21;11,77
-0,028;0;-0,21;11,78
-0,039;0;-0,211;11,78
-0,039;0;-0,211;11,78
-0,058;0;-0,203;11,79
-0,058;0;-0,203;11,79
-0,086;0;-0,192;11,8
-0,086;0;-0,192;11,8
-0,095;0;-0,189;11,8
-0,095;0;-0,189;11,81
-0,115;0;-0,186;11,81
-0,115;0;-0,186;11,82
-0,133;0;-0,179;11,82
-0,153;0;-0,176;11,82
-0,153;0;-0,176;11,83
-0,179;0;-0,166;11,83
-0,179;0;-0,166;11,84
-0,199;0;-0,163;11,84
-0,199;0;-0,163;11,84
-0,218;0;-0,16;11,85
-0,218;0;-0,16;11,85
-0,244;0;-0,15;11,86
-0,244;0;-0,15;11,86
-0,27;0;-0,14;11,86
-0,27;0;-0,14;11,87
-0,287;0;-0,133;11,87
-0,312;0;-0,123;11,88
-0,312;0;-0,123;11,88
-0,312;0;-0,123;11,88
-0,362;0;-0,103;11,9
-0,362;0;-0,103;11,9
-0,377;0;-0,092;11,91
-0,377;0;-0,092;11,91
-0,383;0;-0,085;11,91
-0,383;0;-0,085;11,92
-0,398;0;-0,074;11,92
-0,398;0;-0,074;11,93
-0,404;0;-0,067;11,93
-0,404;0;-0,067;11,93
-0,419;0;-0,056;11,94
-0,425;0;-0,049;11,94
-0,425;0;-0,049;11,95
-0,438;0;-0,035;11,95
-0,438;0;-0,035;11,95
-0,453;0;-0,025;11,96
-0,453;0;-0,025;11,96
-0,467;0;-0,015;11,97
-0,467;0;-0,015;11,97
-0,481;0;-0,005;11,97
-0,481;0;-0,005;11,98
-0,503;0;0,008;11,98
-0,503;0;0,008;11,99
-0,524;0;0,024;11,99
-0,524;0;0,024;11,99
-0,544;0;0,04;12
-0,544;0;0,04;12
-0,565;0;0,052;12,01
-0,565;0;0,052;12,01
-0,584;0;0,072;12,01
-0,584;0;0,072;12,02
-0,604;0;0,087;12,02
-0,604;0;0,087;12,02
-0,624;0;0,103;12,03
-0,624;0;0,103;12,03
-0,65;0;0,124;12,03
-0,695;0;0,159;12,05
-0,695;0;0,159;12,05
-0,713;0;0,177;12,06
-0,713;0;0,177;12,06
-0,73;0;0,198;12,06
-0,73;0;0,198;12,07
-0,73;0;0,198;12,07
-0,741;0;0,213;12,07
-0,759;0;0,23;12,08
-0,759;0;0,23;12,08
-0,77;0;0,245;12,09
-0,77;0;0,245;12,09
-0,781;0;0,259;12,09
-0,781;0;0,259;12,1
-0,79;0;0,28;12,1
-0,79;0;0,28;12,1
-0,793;0;0,296;12,11
-0,793;0;0,296;12,11
-0,804;0;0,31;12,12
-0,804;0;0,31;12,12
-0,815;0;0,327;12,12
-0,815;0;0,327;12,13
-0,825;0;0,344;12,13
-0,825;0;0,344;12,13
-0,835;0;0,364;12,14
-0,835;0;0,364;12,14
-0,844;0;0,384;12,14
-0,844;0;0,384;12,15
-0,855;0;0,4;12,15
-0,855;0;0,4;12,16
-0,858;0;0,418;12,16
-0,858;0;0,418;12,16
-0,868;0;0,437;12,17
-0,868;0;0,437;12,17
-0,872;0;0,455;12,18
-0,872;0;0,455;12,18
-0,882;0;0,473;12,18
-0,882;0;0,473;12,19
-0,89;0;0,505;12,2
-0,894;0;0,522;12,21
-0,899;0;0,536;12,21
-0,899;0;0,536;12,21
-0,903;0;0,553;12,22
-0,903;0;0,553;12,22
-0,908;0;0,566;12,23
-0,908;0;0,566;12,23
-0,912;0;0,583;12,23
-0,912;0;0,583;12,24
-0,917;0;0,6;12,24
-0,917;0;0,6;12,24
-0,921;0;0,619;12,25
-0,921;0;0,619;12,25
-0,919;0;0,641;12,26
-0,919;0;0,641;12,26
-0,923;0;0,667;12,26
-0,923;0;0,667;12,27
-0,921;0;0,692;12,27
-0,921;0;0,692;12,27
-0,912;0;0,72;12,28
-0,912;0;0,72;12,28
-0,91;0;0,748;12,29
-0,895;0;0,773;12,29
-0,895;0;0,773;12,29
-0,887;0;0,798;12,3
-0,887;0;0,798;12,3
-0,887;0;0,798;12,3
-0,873;0;0,83;12,31
-0,873;0;0,83;12,31
-0,859;0;0,855;12,31
-0,859;0;0,855;12,32
-0,846;0;0,888;12,32
-0,846;0;0,888;12,32
-0,833;0;0,921;12,33
-0,833;0;0,921;12,33
-0,82;0;0,952;12,34
-0,82;0;0,952;12,34
-0,789;0;1,007;12,35
-0,77;0;1,033;12,36
-0,77;0;1,033;12,36
-0,75;0;1,056;12,36
-0,75;0;1,056;12,37
-0,75;0;1,056;12,37
-0,73;0;1,075;12,37
-0,73;0;1,075;12,38
-0,718;0;1,091;12,38
-0,718;0;1,091;12,39
-0,697;0;1,108;12,39
-0,697;0;1,108;12,39
-0,67;0;1,129;12,4
-0,67;0;1,129;12,4
-0,643;0;1,148;12,4
-0,614;0;1,164;12,41
-0,614;0;1,164;12,41
-0,578;0;1,181;12,42
-0,578;0;1,181;12,42
-0,578;0;1,181;12,42
-0,541;0;1,198;12,43
-0,541;0;1,198;12,43
-0,504;0;1,216;12,43
-0,451;0;1,237;12,44
-0,451;0;1,237;12,44
-0,388;0;1,261;12,45
-0,388;0;1,261;12,45
-0,281;0;1,289;12,45
-0,281;0;1,289;12,46
-0,16;0;1,32;12,46
-0,16;0;1,32;12,47
-0,16;0;1,32;12,47
-0,16;0;1,32;12,47
-0,16;0;1,32;12,48
-0,16;0;1,32;12,48
-0,16;0;1,32;12,48
-0,16;0;1,32;12,48
-0,16;0;1,32;12,49
-0,16;0;1,32;12,49
-0,16;0;1,32;12,51
-0,16;0;1,32;12,51
-0,16;0;1,32;12,51
-0,16;0;1,32;12,52
-0,16;0;1,32;12,52
-0,16;0;1,32;12,52
-0,16;0;1,32;12,53
-0,16;0;1,32;12,53
-0,16;0;1,32;12,53
-0,16;0;1,32;12,54
-0,16;0;1,32;12,54
-0,16;0;1,32;12,54
-0,16;0;1,32;12,55
-0,16;0;1,32;12,55
-0,16;0;1,32;12,55
-0,16;0;1,32;12,56
-0,16;0;1,32;12,56
-0,16;0;1,32;12,56
-0,16;0;1,32;12,57
-0,16;0;1,32;12,57
-0,16;0;1,32;12,57
-0,16;0;1,32;12,57
-0,16;0;1,32;12,58
-0,16;0;1,32;12,58
-0,16;0;1,32;12,58
-0,16;0;1,32;12,59
-0,16;0;1,32;12,59
-0,16;0;1,32;12,59
-0,16;0;1,32;12,6
-0,16;0;1,32;12,6
-0,16;0;1,32;12,6
-0,16;0;1,32;12,61
-0,16;0;1,32;12,61
-0,16;0;1,32;12,61
-0,16;0;1,32;12,62
-0,16;0;1,32;12,62
-0,16;0;1,32;12,62
-0,16;0;1,32;12,63
-0,16;0;1,32;12,63
-0,16;0;1,32;12,63
-0,16;0;1,32;12,64
-0,16;0;1,32;12,64
-0,16;0;1,32;12,64
-0,16;0;1,32;12,65
-0,16;0;1,32;12,65
-0,16;0;1,32;12,65
-0,16;0;1,32;12,66
-0,16;0;1,32;12,66
-0,16;0;1,32;12,66
-0,16;0;1,32;12,67
-0,16;0;1,32;12,67
-0,16;0;1,32;12,67
-0,16;0;1,32;12,68
-0,16;0;1,32;12,68
-0,16;0;1,32;12,68
-0,16;0;1,32;12,69
-0,16;0;1,32;12,69
-0,16;0;1,32;12,69
-0,16;0;1,32;12,69
-0,16;0;1,32;12,7
-0,16;0;1,32;12,7
-0,16;0;1,32;12,7
-0,16;0;1,32;12,71
-0,16;0;1,32;12,71
-0,16;0;1,32;12,71
-0,16;0;1,32;12,72
-0,16;0;1,32;12,72
-0,086;0;1,324;12,73
-0,086;0;1,324;12,73
-0,009;0;1,324;12,73
-0,009;0;1,324;12,74
0,068;0;1,333;12,74
0,169;0;1,335;12,75
0,169;0;1,335;12,75
0,274;0;1,342;12,75
0,274;0;1,342;12,76
0,405;0;1,353;12,76
0,405;0;1,353;12,77
0,541;0;1,369;12,77
0,541;0;1,369;12,77
0,698;0;1,383;12,78
0,698;0;1,383;12,78
0,864;0;1,396;12,79
0,864;0;1,396;12,79
1,011;0;1,412;12,79
1,285;0;1,447;12,81
1,41;0;1,459;12,81
1,41;0;1,459;12,82
1,505;0;1,473;12,82
1,505;0;1,473;12,83
1,639;0;1,485;12,83
1,639;0;1,485;12,83
1,761;0;1,503;12,84
1,761;0;1,503;12,84
1,869;0;1,519;12,85
1,962;0;1,533;12,85
1,962;0;1,533;12,85
2,059;0;1,539;12,86
2,059;0;1,539;12,86
2,118;0;1,547;12,86
2,118;0;1,547;12,87
2,198;0;1,559;12,87
2,198;0;1,559;12,88
2,26;0;1,568;12,88
2,26;0;1,568;12,88
2,324;0;1,568;12,89
2,324;0;1,568;12,89
2,345;0;1,571;12,9
2,345;0;1,571;12,9
2,41;0;1,581;12,9
2,41;0;1,581;12,91
2,453;0;1,587;12,91
2,52;0;1,597;12,92
2,52;0;1,597;12,92
2,588;0;1,606;12,92
2,588;0;1,606;12,93
2,658;0;1,616;12,93
2,658;0;1,616;12,94
2,729;0;1,627;12,94
2,729;0;1,627;12,94
2,85;0;1,644;12,95
3,002;0;1,666;12,96
3,079;0;1,687;12,97
3,079;0;1,687;12,97
3,133;0;1,695;12,97
3,133;0;1,695;12,98
3,214;0;1,707;12,98
3,214;0;1,707;12,99
3,24;0;1,722;12,99
3,24;0;1,722;12,99
3,296;0;1,73;13
3,296;0;1,73;13
3,325;0;1,734;13
3,325;0;1,734;13,01
3,382;0;1,742;13,01
3,382;0;1,742;13,01
3,469;0;1,755;13,02
3,469;0;1,755;13,02
3,559;0;1,769;13,03
3,559;0;1,769;13,03
3,651;0;1,782;13,03
3,651;0;1,782;13,04
3,746;0;1,785;13,04
3,746;0;1,785;13,05
3,812;0;1,783;13,05
3,812;0;1,783;13,05
4,083;0;1,798;13,07
4,083;0;1,798;13,07
4,155;0;1,795;13,08
4,155;0;1,795;13,08
4,264;0;1,798;13,09
4,264;0;1,798;13,09
4,338;0;1,796;13,09
4,338;0;1,796;13,1
4,491;0;1,804;13,11
4,57;0;1,801;13,12
4,65;0;1,799;13,12
4,65;0;1,799;13,13
4,731;0;1,809;13,13
4,731;0;1,809;13,13
4,814;0;1,807;13,14
4,814;0;1,807;13,14
4,94;0;1,823;13,15
4,94;0;1,823;13,15
4,95;0,027;1,811;13,15
4,95;0,027;1,811;13,16
4,95;0,073;1,797;13,16
4,95;0,119;1,783;13,17
4,95;0,119;1,783;13,17
4,95;0,164;1,77;13,17
4,95;0,164;1,77;13,18
4,95;0,164;1,77;13,18
4,95;0,21;1,756;13,18
4,95;0,255;1,743;13,19
4,95;0,255;1,743;13,19
4,95;0,285;1,729;13,2
4,95;0,285;1,729;13,2
4,95;0,33;1,716;13,21
4,95;0,33;1,716;13,21
4,95;0,345;1,702;13,21
4,95;0,345;1,702;13,22
4,95;0,374;1,702;13,22
4,95;0,374;1,702;13,22
4,95;0,39;1,688;13,23
4,95;0,39;1,688;13,23
4,95;0,404;1,688;13,23
4,95;0,404;1,688;13,24
4,95;0,433;1,688;13,24
4,95;0,449;1,675;13,25
4,95;0,463;1,675;13,27
4,95;0,463;1,675;13,27
4,95;0,463;1,675;13,27
4,95;0,463;1,675;13,28
4,95;0,463;1,675;13,28
4,95;0,463;1,675;13,28
4,95;0,478;1,675;13,29
4,95;0,478;1,675;13,29
4,95;0,478;1,675;13,29
4,95;0,478;1,675;13,3
4,95;0,478;1,661;13,3
4,95;0,478;1,661;13,3
4,95;0,478;1,661;13,31
4,95;0,478;1,661;13,31
4,95;0,478;1,661;13,31
4,95;0,478;1,661;13,32
4,95;0,478;1,661;13,32
4,95;0,478;1,661;13,32
4,95;0,478;1,661;13,33
4,95;0,478;1,661;13,33
4,95;0,478;1,661;13,33
4,95;0,478;1,661;13,34
4,95;0,478;1,661;13,34
4,95;0,478;1,661;13,34
4,95;0,478;1,661;13,35
4,95;0,478;1,661;13,35
4,95;0,478;1,661;13,35
4,95;0,478;1,661;13,36
4,95;0,478;1,661;13,36
4,95;0,493;1,648;13,36
4,95;0,493;1,648;13,37
4,95;0,493;1,648;13,37
4,95;0,493;1,648;13,37
4,95;0,493;1,648;13,38
4,95;0,493;1,648;13,38
4,95;0,493;1,648;13,38
4,95;0,493;1,648;13,39
4,95;0,493;1,648;13,39
4,95;0,493;1,648;13,39
4,95;0,493;1,648;13,4
4,95;0,493;1,648;13,4
4,95;0,494;1,634;13,42
4,95;0,494;1,634;13,42
4,95;0,494;1,634;13,42
4,95;0,494;1,634;13,43
4,95;0,494;1,634;13,43
4,95;0,494;1,634;13,43
4,95;0,494;1,621;13,44
4,95;0,494;1,621;13,44
4,95;0,494;1,621;13,44
4,95;0,494;1,621;13,45
4,95;0,509;1,607;13,45
4,95;0,509;1,607;13,46
4,95;0,509;1,594;13,46
4,95;0,509;1,594;13,46
4,95;0,525;1,567;13,47
4,95;0,525;1,567;13,47
4,95;0,539;1,553;13,47
4,95;0,539;1,553;13,48
4,95;0,569;1,526;13,48
4,95;0,599;1,473;13,49
4,95;0,599;1,473;13,49
4,95;0,629;1,419;13,5
4,95;0,629;1,419;13,5
4,95;0,659;1,378;13,51
4,95;0,659;1,378;13,51
4,95;0,703;1,338;13,51
4,95;0,718;1,298;13,52
4,95;0,718;1,298;13,52
4,95;0,747;1,271;13,52
4,95;0,747;1,271;13,53
4,95;0,747;1,271;13,53
4,95;0,761;1,244;13,54
4,95;0,79;1,217;13,54
4,95;0,79;1,217;13,54
4,95;0,805;1,19;13,55
4,95;0,805;1,19;13,55
4,95;0,834;1,137;13,57
4,95;0,848;1,11;13,57
4,95;0,848;1,11;13,58
4,95;0,862;1,097;13,58
4,95;0,862;1,083;13,58
4,95;0,862;1,083;13,59
4,95;0,877;1,083;13,59
4,95;0,877;1,083;13,6
4,95;0,877;1,07;13,6
4,95;0,877;1,07;13,6
4,95;0,877;1,07;13,61
4,95;0,877;1,07;13,61
4,95;0,877;1,07;13,61
4,95;0,891;1,07;13,62
4,95;0,891;1,07;13,62
4,95;0,891;1,07;13,62
4,95;0,891;1,07;13,63
4,95;0,891;1,07;13,63
4,95;0,891;1,07;13,63
4,95;0,891;1,07;13,64
4,95;0,891;1,07;13,64
4,95;0,891;1,07;13,64
4,95;0,891;1,07;13,64
4,95;0,891;1,07;13,65
4,95;0,891;1,07;13,65
4,95;0,891;1,07;13,65
4,95;0,891;1,07;13,66
4,95;0,891;1,083;13,66
4,95;0,891;1,083;13,66
4,95;0,891;1,083;13,67
4,95;0,891;1,083;13,67
4,95;0,891;1,083;13,67
4,95;0,891;1,083;13,68
4,95;0,891;1,083;13,68
4,95;0,891;1,083;13,68
4,95;0,877;1,083;13,69
4,95;0,877;1,083;13,69
4,95;0,877;1,083;13,69
4,95;0,877;1,083;13,7
4,95;0,876;1,097;13,7
4,95;0,876;1,097;13,71
4,95;0,876;1,097;13,72
4,95;0,876;1,097;13,72
4,95;0,876;1,097;13,73
4,95;0,876;1,097;13,73
4,95;0,876;1,097;13,73
4,95;0,876;1,097;13,74
4,95;0,876;1,097;13,74
4,95;0,876;1,097;13,74
4,95;0,876;1,097;13,75
4,95;0,876;1,097;13,75
4,95;0,876;1,097;13,75
4,95;0,876;1,097;13,76
4,95;0,876;1,097;13,76
4,95;0,876;1,097;13,76
4,95;0,876;1,097;13,77
4,95;0,876;1,097;13,77
4,95;0,876;1,097;13,77
4,95;0,876;1,097;13,77
4,95;0,876;1,097;13,78
4,95;0,876;1,097;13,78
4,95;0,876;1,097;13,78
4,95;0,876;1,097;13,79
4,95;0,876;1,097;13,79
4,95;0,876;1,097;13,79
4,95;0,876;1,097;13,8
4,95;0,876;1,097;13,8
4,95;0,876;1,097;13,8
4,95;0,876;1,097;13,81
4,95;0,876;1,097;13,81
4,95;0,876;1,097;13,81
4,95;0,876;1,097;13,82
4,95;0,876;1,097;13,82
4,95;0,876;1,097;13,82
4,95;0,876;1,097;13,83
4,95;0,876;1,097;13,83
4,95;0,876;1,097;13,83
4,95;0,876;1,097;13,83
4,95;0,876;1,097;13,84
4,95;0,876;1,097;13,84
4,95;0,876;1,097;13,84
4,95;0,876;1,097;13,85
4,95;0,876;1,097;13,85
4,95;0,876;1,097;13,85
4,95;0,876;1,097;13,86
4,95;0,876;1,097;13,86
4,95;0,876;1,097;13,86
4,95;0,876;1,097;13,87
4,95;0,876;1,097;13,87
4,95;0,876;1,097;13,87
4,95;0,876;1,097;13,88
4,95;0,876;1,097;13,88
4,95;0,876;1,097;13,88
4,95;0,876;1,097;13,89
4,95;0,876;1,097;13,89
4,95;0,876;1,097;13,89
4,95;0,876;1,097;13,9
4,95;0,876;1,097;13,9
4,95;0,876;1,097;13,9
4,95;0,876;1,097;13,91
4,95;0,876;1,097;13,91
4,95;0,876;1,097;13,91
4,95;0,876;1,097;13,91
4,95;0,876;1,097;13,92
4,95;0,876;1,097;13,92
4,95;0,876;1,097;13,92
4,95;0,876;1,097;13,93
4,95;0,876;1,097;13,93
4,95;0,876;1,097;13,93
4,95;0,876;1,097;13,94
4,95;0,876;1,097;13,94
4,95;0,876;1,097;13,94
4,95;0,876;1,097;13,95
4,95;0,876;1,097;13,95
4,95;0,876;1,097;13,95
4,95;0,876;1,11;13,96
4,95;0,876;1,11;13,96
4,95;0,876;1,11;13,96
4,95;0,876;1,11;13,97
4,95;0,876;1,124;13,97
4,95;0,876;1,124;13,98
4,95;0,876;1,137;13,98
4,95;0,876;1,137;13,98
4,95;0,862;1,15;13,99
4,95;0,862;1,15;13,99
4,95;0,862;1,15;13,99
4,95;0,862;1,15;14
4,95;0,862;1,164;14
4,95;0,862;1,164;14
4,95;0,862;1,164;14,01
4,95;0,862;1,177;14,02
4,95;0,862;1,177;14,03
4,95;0,862;1,177;14,03
4,95;0,862;1,177;14,03
4,95;0,862;1,177;14,04
4,95;0,862;1,177;14,04
4,95;0,847;1,177;14,05
4,95;0,847;1,177;14,05
4,95;0,847;1,19;14,05
4,95;0,847;1,19;14,06
4,95;0,847;1,19;14,06
4,95;0,847;1,19;14,06
4,95;0,847;1,19;14,07
4,95;0,847;1,19;14,07
4,95;0,847;1,19;14,07
4,95;0,847;1,19;14,08
4,95;0,847;1,204;14,08
4,95;0,847;1,204;14,08
4,95;0,847;1,204;14,09
4,95;0,847;1,204;14,09
4,95;0,847;1,204;14,09
4,95;0,847;1,204;14,1
4,95;0,847;1,204;14,1
4,95;0,847;1,204;14,1
4,95;0,847;1,204;14,11
4,95;0,847;1,204;14,11
4,95;0,847;1,204;14,11
4,95;0,847;1,217;14,12
4,95;0,847;1,217;14,12
4,95;0,847;1,217;14,12
4,95;0,847;1,217;14,13
4,95;0,847;1,231;14,13
4,95;0,847;1,231;14,13
4,95;0,847;1,231;14,14
4,95;0,847;1,231;14,14
4,95;0,833;1,231;14,14
4,95;0,833;1,231;14,15
4,95;0,832;1,244;14,15
4,95;0,832;1,244;14,16
4,95;0,832;1,244;14,16
4,95;0,832;1,244;14,17
4,95;0,832;1,244;14,18
4,95;0,832;1,244;14,18
4,95;0,832;1,244;14,18
4,95;0,832;1,244;14,19
4,95;0,832;1,244;14,19
4,95;0,818;1,244;14,2
4,95;0,818;1,244;14,2
4,95;0,818;1,244;14,2
4,95;0,818;1,244;14,21
4,95;0,818;1,244;14,21
4,95;0,818;1,244;14,21
4,95;0,818;1,244;14,22
4,95;0,818;1,244;14,22
4,95;0,818;1,244;14,22
4,95;0,818;1,244;14,23
4,95;0,818;1,244;14,23
4,95;0,818;1,244;14,23
4,95;0,818;1,244;14,24
4,95;0,818;1,244;14,24
4,95;0,818;1,244;14,24
4,95;0,818;1,244;14,24
4,95;0,818;1,244;14,25
4,95;0,818;1,244;14,25
4,95;0,818;1,244;14,25
4,95;0,818;1,244;14,26
4,95;0,818;1,244;14,26
4,95;0,818;1,244;14,26
4,95;0,818;1,244;14,27
4,95;0,818;1,244;14,27
4,95;0,818;1,244;14,27
4,95;0,818;1,244;14,28
4,95;0,818;1,244;14,28
4,95;0,818;1,244;14,28
4,95;0,818;1,244;14,29
4,95;0,818;1,244;14,29
4,95;0,818;1,244;14,3
4,95;0,818;1,244;14,3
4,95;0,818;1,244;14,3
4,95;0,818;1,244;14,31
4,95;0,818;1,244;14,31
4,95;0,818;1,244;14,34
4,95;0,818;1,244;14,34
4,95;0,818;1,244;14,34
4,95;0,818;1,244;14,35
4,95;0,818;1,244;14,35
4,95;0,818;1,244;14,35
4,95;0,818;1,244;14,36
4,95;0,818;1,244;14,36
4,95;0,818;1,244;14,36
4,95;0,818;1,244;14,37
4,95;0,818;1,244;14,37
4,95;0,818;1,244;14,37
4,95;0,818;1,244;14,39
4,95;0,818;1,244;14,39
4,95;0,818;1,244;14,4
4,95;0,818;1,244;14,4
4,95;0,818;1,244;14,4
4,95;0,818;1,244;14,41
4,95;0,818;1,244;14,41
4,95;0,818;1,244;14,41
4,95;0,818;1,244;14,42
4,95;0,818;1,244;14,42
4,95;0,818;1,244;14,42
4,95;0,818;1,244;14,43
4,95;0,818;1,244;14,43
4,95;0,818;1,244;14,43
4,95;0,818;1,244;14,44
4,95;0,818;1,244;14,44
4,95;0,818;1,244;14,44
4,95;0,818;1,244;14,45
4,95;0,818;1,244;14,45
4,95;0,818;1,244;14,45
4,95;0,818;1,244;14,46
4,95;0,818;1,244;14,46
4,95;0,818;1,244;14,46
4,95;0,818;1,244;14,47
4,95;0,818;1,244;14,47
4,95;0,818;1,244;14,47
4,95;0,818;1,244;14,48
4,95;0,818;1,244;14,48
4,95;0,818;1,244;14,48
4,95;0,818;1,244;14,49
4,95;0,818;1,244;14,49
4,95;0,818;1,244;14,49
4,95;0,818;1,244;14,5
4,95;0,818;1,244;14,5
4,95;0,818;1,244;14,5
4,95;0,818;1,244;14,5
4,95;0,818;1,244;14,51
4,95;0,818;1,244;14,51
4,95;0,818;1,244;14,51
4,95;0,818;1,244;14,52
4,95;0,818;1,244;14,52
4,95;0,818;1,244;14,52
4,95;0,818;1,244;14,53
4,95;0,818;1,244;14,53
4,95;0,818;1,244;14,53
4,95;0,818;1,244;14,54
4,95;0,818;1,244;14,54
4,95;0,818;1,244;14,54
4,95;0,818;1,244;14,55
4,95;0,818;1,244;14,55
4,95;0,818;1,244;14,55
4,95;0,818;1,244;14,55
4,95;0,818;1,244;14,56
4,95;0,818;1,244;14,56
4,95;0,818;1,244;14,56
4,95;0,818;1,244;14,57
4,95;0,818;1,244;14,57
4,95;0,818;1,244;14,57
4,95;0,818;1,244;14,58
4,95;0,818;1,244;14,58
4,95;0,818;1,244;14,58
4,95;0,818;1,244;14,59
4,95;0,818;1,244;14,59
4,95;0,818;1,244;14,59
4,95;0,818;1,244;14,59
4,95;0,818;1,244;14,6
4,95;0,818;1,244;14,6
4,95;0,818;1,244;14,6
4,95;0,818;1,244;14,61
4,95;0,818;1,244;14,61
