X; Y; Z; Time
0;2;4,95;0,02
0;2;4,95;0,04
0;2;4,95;0,37
1,009;0;4,746;0,41
1,009;0;4,746;0,44
1,009;0;4,746;0,44
1,009;0;4,746;0,45
1,009;0;4,746;0,45
1,009;0;4,746;0,46
1,009;0;4,746;0,46
1,009;0;4,746;0,47
1,009;0;4,746;0,47
1,009;0;4,746;0,47
1,009;0;4,746;0,48
1,009;0;4,746;0,48
1,009;0;4,746;0,48
1,009;0;4,746;0,49
1,009;0;4,746;0,49
1,009;0;4,746;0,5
1,009;0;4,746;0,5
1,009;0;4,746;0,51
1,009;0;4,746;0,51
1,009;0;4,746;0,51
1,009;0;4,746;0,52
1,009;0;4,746;0,52
1,009;0;4,746;0,53
1,009;0;4,746;0,53
1,009;0;4,746;0,53
1,009;0;4,746;0,55
1,009;0;4,746;0,55
1,009;0;4,746;0,57
1,009;0;4,746;0,58
1,009;0;4,746;0,58
1,009;0;4,746;0,59
1,009;0;4,746;0,59
1,009;0;4,746;0,6
1,009;0;4,746;0,6
1,009;0;4,746;0,6
1,009;0;4,746;0,61
1,009;0;4,746;0,61
1,009;0;4,746;0,62
1,009;0;4,746;0,62
1,009;0;4,746;0,63
1,009;0;4,746;0,63
1,009;0;4,746;0,63
1,009;0;4,746;0,64
1,009;0;4,746;0,64
1,009;0;4,746;0,65
1,009;0;4,746;0,65
1,009;0;4,746;0,65
1,009;0;4,746;0,66
1,009;0;4,746;0,66
1,009;0;4,746;0,67
1,009;0;4,746;0,67
1,009;0;4,746;0,67
1,009;0;4,746;0,68
1,009;0;4,746;0,68
1,009;0;4,746;0,69
1,009;0;4,746;0,69
1,009;0;4,746;0,69
1,009;0;4,746;0,7
1,009;0;4,746;0,7
1,009;0;4,746;0,72
1,009;0;4,746;0,72
1,009;0;4,746;0,73
1,009;0;4,746;0,73
1,009;0;4,746;0,73
1,009;0;4,746;0,74
1,009;0;4,746;0,74
1,009;0;4,746;0,75
1,009;0;4,746;0,75
1,009;0;4,746;0,75
1,009;0;4,746;0,76
1,009;0;4,746;0,76
1,009;0;4,746;0,77
1,009;0;4,746;0,78
1,009;0;4,746;0,78
1,009;0;4,746;0,79
1,009;0;4,746;0,79
1,009;0;4,746;0,79
1,009;0;4,746;0,8
1,009;0;4,746;0,8
1,009;0;4,746;0,81
1,009;0;4,746;0,81
1,009;0;4,746;0,81
1,009;0;4,746;0,82
1,009;0;4,746;0,82
1,009;0;4,746;0,83
1,009;0;4,746;0,83
1,009;0;4,746;0,84
1,009;0;4,746;0,84
1,009;0;4,746;0,84
1,009;0;4,746;0,85
1,009;0;4,746;0,85
1,009;0;4,746;0,86
1,009;0;4,746;0,86
1,009;0;4,746;0,87
1,009;0;4,746;0,87
1,009;0;4,746;0,87
1,009;0;4,746;0,88
1,009;0;4,746;0,88
1,009;0;4,746;0,89
1,009;0;4,746;0,89
1,009;0;4,746;0,89
1,009;0;4,746;0,9
1,009;0;4,746;0,9
1,009;0;4,746;0,91
1,009;0;4,746;0,91
1,009;0;4,746;0,91
1,009;0;4,746;0,92
1,009;0;4,746;0,92
1,009;0;4,746;0,93
1,009;0;4,746;0,93
1,009;0;4,746;0,94
1,009;0;4,746;0,94
1,009;0;4,746;0,94
1,009;0;4,746;0,95
1,009;0;4,746;0,95
1,009;0;4,746;0,96
1,009;0;4,746;0,96
1,009;0;4,746;0,96
1,009;0;4,746;0,97
1,009;0;4,746;0,97
1,009;0;4,746;0,98
1,009;0;4,746;0,98
1,009;0;4,746;0,98
1,009;0;4,746;0,99
1,009;0;4,746;0,99
1,009;0;4,746;1
1,009;0;4,746;1
1,009;0;4,746;1
1,009;0;4,746;1,01
1,009;0;4,746;1,01
1,009;0;4,746;1,02
1,009;0;4,746;1,02
1,009;0;4,746;1,02
1,009;0;4,746;1,03
1,009;0;4,746;1,03
1,009;0;4,746;1,04
1,009;0;4,746;1,04
1,055;0;4,761;1,05
1,055;0;4,761;1,05
1,111;0;4,773;1,05
1,111;0;4,773;1,06
1,158;0;4,787;1,06
1,158;0;4,787;1,07
1,214;0;4,799;1,07
1,214;0;4,799;1,07
1,254;0;4,815;1,08
1,303;0;4,828;1,08
1,303;0;4,828;1,09
1,343;0;4,843;1,09
1,343;0;4,843;1,1
1,384;0;4,858;1,1
1,418;0;4,848;1,11
1,459;0;4,863;1,11
1,459;0;4,863;1,12
1,492;0;4,88;1,12
1,492;0;4,88;1,12
1,525;0;4,898;1,13
1,551;0;4,89;1,13
1,551;0;4,89;1,14
1,593;0;4,904;1,14
1,636;0;4,918;1,15
1,636;0;4,918;1,15
1,662;0;4,91;1,16
1,696;0;4,926;1,16
1,696;0;4,926;1,17
1,74;0;4,94;1,17
1,74;0;4,94;1,18
1,766;0;4,931;1,18
1,801;0;4,948;1,19
1,841;0,004;4,95;1,19
1,841;0,004;4,95;1,2
1,88;0,01;4,95;1,2
1,88;0,01;4,95;1,21
1,91;0,016;4,95;1,21
1,94;0,012;4,95;1,22
1,94;0,012;4,95;1,22
1,96;0,02;4,95;1,23
1,99;0,027;4,95;1,23
1,99;0,027;4,95;1,24
2,02;0,033;4,95;1,24
2,05;0,029;4,95;1,24
2,081;0,046;4,95;1,25
2,081;0,046;4,95;1,25
2,111;0,041;4,95;1,26
2,132;0,049;4,95;1,27
2,132;0,049;4,95;1,27
2,163;0,055;4,95;1,27
2,183;0,063;4,95;1,28
2,183;0,063;4,95;1,28
2,214;0,069;4,95;1,29
2,235;0,077;4,95;1,29
2,235;0,077;4,95;1,3
2,256;0,074;4,95;1,3
2,277;0,081;4,95;1,31
2,308;0,077;4,95;1,32
2,308;0,077;4,95;1,32
2,329;0,084;4,95;1,32
2,361;0,09;4,95;1,33
2,361;0,09;4,95;1,34
2,393;0,096;4,95;1,34
2,425;0,091;4,95;1,35
2,479;0,083;4,95;1,35
2,479;0,083;4,95;1,36
2,522;0,087;4,95;1,36
2,566;0,091;4,95;1,37
2,566;0,091;4,95;1,37
2,632;0,091;4,95;1,38
2,676;0,095;4,95;1,38
2,676;0,095;4,95;1,39
2,733;0,097;4,95;1,39
2,789;0,088;4,95;1,39
2,789;0,088;4,95;1,4
2,846;0,089;4,95;1,4
2,904;0,102;4,95;1,41
2,904;0,102;4,95;1,41
2,951;0,105;4,95;1,42
3,01;0,107;4,95;1,42
3,01;0,107;4,95;1,43
3,069;0,108;4,95;1,43
3,069;0,108;4,95;1,44
3,141;0,106;4,95;1,44
3,141;0,106;4,95;1,44
3,202;0,107;4,95;1,45
3,264;0,119;4,95;1,45
3,264;0,119;4,95;1,46
3,339;0,117;4,95;1,46
3,428;0,113;4,95;1,47
3,428;0,113;4,95;1,47
3,518;0,12;4,95;1,47
3,596;0,106;4,95;1,48
3,596;0,106;4,95;1,48
3,703;0,11;4,95;1,49
3,798;0,116;4,95;1,49
3,798;0,116;4,95;1,5
3,909;0,12;4,95;1,5
4,023;0,123;4,95;1,51
4,023;0,123;4,95;1,51
4,154;0,123;4,95;1,52
4,154;0,123;4,95;1,52
4,288;0,122;4,95;1,53
4,426;0,121;4,95;1,53
4,426;0,121;4,95;1,53
4,584;0,116;4,95;1,54
4,747;0,098;4,95;1,54
4,747;0,098;4,95;1,55
4,898;0,082;4,95;1,55
4,95;0,105;4,847;1,56
4,95;0,105;4,847;1,56
4,95;0,127;4,73;1,57
4,95;0,167;4,584;1,57
4,95;0,167;4,584;1,58
4,95;0,19;4,457;1,58
4,95;0,213;4,333;1,59
4,95;0,213;4,333;1,59
4,95;0,231;4,228;1,6
4,95;0,252;4,11;1,6
4,95;0,267;4,023;1,61
4,95;0,267;4,023;1,61
4,95;0,267;3,952;1,62
4,95;0,267;3,881;1,62
4,95;0,267;3,881;1,63
4,95;0,267;3,812;1,63
4,95;0,256;3,744;1,64
4,95;0,256;3,744;1,64
4,95;0,255;3,676;1,65
4,95;0,264;3,623;1,65
4,95;0,264;3,623;1,66
4,95;0,261;3,57;1,66
4,95;0,261;3,505;1,67
4,95;0,261;3,505;1,67
4,95;0,258;3,453;1,68
4,95;0,268;3,389;1,68
4,95;0,268;3,389;1,69
4,95;0,265;3,339;1,69
4,95;0,265;3,339;1,69
4,95;0,265;3,339;1,7
4,95;0,265;3,339;1,7
4,95;0,265;3,339;1,71
4,95;0,265;3,339;1,71
4,95;0,265;3,339;1,72
4,95;0,265;3,339;1,72
4,95;0,265;3,339;1,72
4,95;0,265;3,339;1,73
4,95;0,265;3,339;1,73
4,95;0,265;3,339;1,74
4,95;0,265;3,339;1,74
4,95;0,265;3,339;1,75
4,95;0,265;3,339;1,75
4,95;0,265;3,339;1,75
4,95;0,265;3,339;1,76
4,95;0,265;3,339;1,76
4,95;0,265;3,339;1,77
4,95;0,265;3,339;1,77
4,95;0,265;3,339;1,78
4,95;0,265;3,339;1,78
4,95;0,265;3,339;1,78
4,95;0,265;3,339;1,79
4,95;0,265;3,339;1,79
4,95;0,265;3,339;1,8
4,95;0,265;3,339;1,8
4,95;0,265;3,339;1,81
4,95;0,265;3,339;1,81
4,95;0,265;3,339;1,81
4,95;0,265;3,339;1,82
4,95;0,265;3,339;1,82
4,95;0,265;3,339;1,83
4,95;0,265;3,339;1,83
4,95;0,265;3,339;1,83
4,95;0,265;3,339;1,84
4,95;0,265;3,339;1,84
4,95;0,265;3,339;1,85
4,95;0,265;3,339;1,85
4,95;0,265;3,339;1,86
4,95;0,265;3,339;1,86
4,95;0,265;3,339;1,86
4,95;0,265;3,339;1,87
4,95;0,265;3,339;1,87
4,95;0,265;3,339;1,88
4,95;0,265;3,339;1,88
4,95;0,265;3,339;1,88
4,95;0,265;3,339;1,89
4,95;0,265;3,339;1,89
4,95;0,265;3,339;1,9
4,95;0,265;3,339;1,9
4,95;0,265;3,339;1,9
4,95;0,265;3,339;1,91
4,95;0,265;3,339;1,91
4,95;0,265;3,339;1,92
4,95;0,265;3,339;1,92
4,95;0,265;3,339;1,92
4,95;0,265;3,339;1,93
4,95;0,265;3,339;1,93
4,95;0,265;3,339;1,94
4,95;0,304;3,239;1,94
4,95;0,304;3,239;1,95
4,95;0,361;3,081;1,95
4,95;0,43;2,904;1,96
4,95;0,43;2,904;1,96
4,95;0,485;2,733;1,97
4,95;0,533;2,599;1,97
4,95;0,533;2,599;1,97
4,95;0,566;2,5;1,98
4,95;0,586;2,414;1,98
4,95;0,586;2,414;1,99
4,95;0,616;2,329;1,99
4,95;0,616;2,329;2
4,95;0,631;2,277;2
4,95;0,647;2,225;2,01
4,95;0,647;2,225;2,01
4,95;0,651;2,183;2,02
4,95;0,665;2,142;2,02
4,95;0,665;2,142;2,03
4,95;0,668;2,111;2,03
4,95;0,671;2,081;2,04
4,95;0,671;2,081;2,04
4,95;0,683;2,06;2,05
4,95;0,685;2,04;2,05
4,95;0,687;2,02;2,06
4,95;0,687;2,02;2,06
4,95;0,688;2,01;2,07
4,95;0,69;1,99;2,07
4,95;0,7;1,98;2,08
4,95;0,7;1,98;2,08
4,95;0,702;1,96;2,09
4,95;0,702;1,96;2,09
4,95;0,702;1,96;2,1
4,95;0,703;1,95;2,1
4,95;0,704;1,94;2,11
4,95;0,704;1,94;2,11
4,95;0,704;1,94;2,12
4,95;0,704;1,94;2,12
4,95;0,714;1,94;2,12
4,95;0,715;1,93;2,13
4,95;0,715;1,93;2,14
4,95;0,715;1,93;2,14
4,95;0,725;1,92;2,14
4,95;0,725;1,92;2,15
4,95;0,725;1,92;2,15
4,95;0,726;1,91;2,16
4,95;0,726;1,91;2,16
4,95;0,726;1,91;2,17
4,95;0,726;1,91;2,17
4,95;0,726;1,91;2,17
4,95;0,726;1,91;2,18
4,95;0,726;1,91;2,18
4,95;0,726;1,91;2,19
4,95;0,726;1,91;2,19
4,95;0,736;1,91;2,2
4,95;0,736;1,91;2,2
4,95;0,736;1,91;2,21
4,95;0,736;1,91;2,21
4,95;0,736;1,91;2,21
4,95;0,736;1,91;2,22
4,95;0,737;1,9;2,22
4,95;0,737;1,9;2,23
4,95;0,737;1,9;2,23
4,95;0,737;1,9;2,24
4,95;0,737;1,9;2,24
4,95;0,737;1,9;2,25
4,95;0,737;1,9;2,25
4,95;0,737;1,9;2,25
4,95;0,737;1,9;2,26
4,95;0,737;1,9;2,26
4,95;0,737;1,9;2,27
4,95;0,737;1,9;2,27
4,95;0,747;1,9;2,28
4,95;0,747;1,9;2,28
4,95;0,747;1,9;2,28
4,95;0,747;1,9;2,29
4,95;0,747;1,9;2,29
4,95;0,747;1,9;2,3
4,95;0,747;1,9;2,3
4,95;0,747;1,9;2,3
4,95;0,747;1,9;2,31
4,95;0,747;1,9;2,31
4,95;0,747;1,9;2,32
4,95;0,747;1,9;2,32
4,95;0,747;1,9;2,33
4,95;0,747;1,9;2,33
4,95;0,747;1,9;2,33
4,95;0,747;1,9;2,34
4,95;0,746;1,91;2,35
4,95;0,756;1,91;2,38
4,95;0,756;1,91;2,38
4,95;0,755;1,92;2,39
4,95;0,754;1,93;2,39
4,95;0,754;1,93;2,4
4,95;0,753;1,94;2,4
4,95;0,753;1,94;2,41
4,95;0,753;1,94;2,41
4,95;0,763;1,94;2,42
4,95;0,761;1,96;2,42
4,95;0,761;1,96;2,43
4,95;0,77;1,97;2,43
4,95;0,768;1,99;2,44
4,95;0,768;1,99;2,44
4,95;0,767;2;2,45
4,95;0,776;2,01;2,45
4,95;0,776;2,01;2,46
4,95;0,775;2,03;2,46
4,95;0,783;2,05;2,47
4,95;0,783;2,05;2,47
4,95;0,781;2,07;2,48
4,95;0,79;2,08;2,49
4,95;0,788;2,1;2,49
4,95;0,788;2,1;2,5
4,95;0,787;2,11;2,5
4,95;0,785;2,13;2,51
4,95;0,785;2,13;2,51
4,95;0,783;2,15;2,52
4,95;0,782;2,16;2,52
4,95;0,782;2,16;2,53
4,95;0,782;2,17;2,53
4,95;0,781;2,18;2,54
4,95;0,781;2,18;2,54
4,95;0,78;2,19;2,55
4,95;0,779;2,201;2,55
4,95;0,778;2,211;2,56
4,95;0,778;2,211;2,56
4,95;0,778;2,211;2,57
4,95;0,777;2,221;2,57
4,95;0,777;2,221;2,58
4,95;0,766;2,231;2,58
4,95;0,765;2,241;2,59
4,95;0,765;2,241;2,59
4,95;0,765;2,241;2,6
4,95;0,765;2,241;2,6
4,95;0,765;2,251;2,61
4,95;0,765;2,251;2,61
4,95;0,765;2,251;2,61
4,95;0,763;2,271;2,62
4,95;0,763;2,271;2,62
4,95;0,763;2,271;2,63
4,95;0,763;2,271;2,63
4,95;0,762;2,281;2,64
4,95;0,762;2,281;2,64
4,95;0,761;2,291;2,65
4,95;0,761;2,291;2,65
4,95;0,761;2,291;2,66
4,95;0,769;2,301;2,66
4,95;0,768;2,311;2,67
4,95;0,768;2,311;2,67
4,95;0,768;2,311;2,68
4,95;0,768;2,311;2,68
4,95;0,767;2,32;2,69
4,95;0,767;2,32;2,69
4,95;0,767;2,32;2,7
4,95;0,767;2,32;2,7
4,95;0,767;2,32;2,71
4,95;0,767;2,32;2,71
4,95;0,776;2,33;2,72
4,95;0,776;2,33;2,72
4,95;0,776;2,33;2,73
4,95;0,776;2,33;2,73
4,95;0,776;2,33;2,74
4,95;0,775;2,34;2,74
4,95;0,775;2,34;2,75
4,95;0,775;2,34;2,75
4,95;0,775;2,34;2,76
4,95;0,774;2,35;2,76
4,95;0,774;2,35;2,77
4,95;0,774;2,35;2,77
4,95;0,774;2,35;2,77
4,95;0,774;2,35;2,78
4,95;0,773;2,359;2,78
4,95;0,773;2,359;2,79
4,95;0,773;2,359;2,79
4,95;0,773;2,359;2,8
4,95;0,772;2,369;2,81
4,95;0,772;2,369;2,81
4,95;0,772;2,37;2,82
4,95;0,771;2,38;2,82
4,95;0,771;2,381;2,83
4,95;0,771;2,382;2,83
4,95;0,771;2,383;2,84
4,95;0,77;2,384;2,84
4,95;0,77;2,386;2,85
4,95;0,77;2,387;2,85
4,95;0,77;2,389;2,85
4,95;0,77;2,391;2,86
4,95;0,77;2,393;2,86
4,95;0,769;2,395;2,87
4,95;0,769;2,397;2,87
4,95;0,768;2,409;2,88
4,95;0,768;2,411;2,88
4,95;0,768;2,414;2,89
4,95;0,767;2,417;2,89
4,95;0,767;2,42;2,9
4,95;0,767;2,423;2,9
4,95;0,766;2,426;2,9
4,95;0,766;2,43;2,91
4,95;0,774;2,434;2,91
4,95;0,774;2,437;2,92
4,95;0,774;2,441;2,92
4,95;0,773;2,445;2,93
4,95;0,772;2,459;2,93
4,95;0,771;2,464;2,94
4,95;0,771;2,468;2,94
4,95;0,77;2,473;2,95
4,95;0,77;2,478;2,95
4,95;0,769;2,484;2,96
4,95;0,769;2,489;2,96
4,95;0,768;2,494;2,97
4,95;0,768;2,5;2,97
4,95;0,767;2,506;2,98
4,95;0,767;2,511;2,98
4,95;0,766;2,517;2,99
4,95;0,766;2,522;2,99
4,95;0,765;2,528;3
4,95;0,765;2,534;3
4,95;0,764;2,54;3
4,95;0,772;2,548;3,01
4,95;0,771;2,555;3,01
4,95;0,77;2,561;3,02
4,95;0,77;2,56;3,02
4,95;0,77;2,567;3,03
4,95;0,769;2,573;3,03
4,95;0,768;2,58;3,04
4,95;0,768;2,587;3,04
4,95;0,767;2,596;3,05
4,95;0,767;2,595;3,05
4,95;0,766;2,604;3,06
4,95;0,766;2,611;3,06
4,95;0,765;2,62;3,07
4,95;0,764;2,628;3,07
4,95;0,772;2,629;3,08
4,95;0,771;2,637;3,08
4,95;0,771;2,645;3,08
4,95;0,77;2,654;3,09
4,95;0,769;2,663;3,09
4,95;0,777;2,665;3,1
4,95;0,777;2,667;3,1
4,95;0,776;2,677;3,11
4,95;0,775;2,687;3,11
4,95;0,784;2,68;3,12
4,95;0,783;2,689;3,12
4,95;0,792;2,683;3,13
4,95;0,81;2,659;3,13
4,95;0,809;2,67;3,14
4,95;0,82;2,645;3,14
4,95;0,829;2,632;3,15
4,95;0,828;2,641;3,15
4,95;0,837;2,626;3,16
4,95;0,837;2,636;3,16
4,95;0,846;2,623;3,17
4,95;0,856;2,601;3,17
4,95;0,873;2,586;3,18
4,95;0,872;2,595;3,18
4,95;0,881;2,582;3,19
4,95;0,899;2,56;3,19
4,95;0,898;2,57;3,2
4,95;0,907;2,547;3,2
4,95;0,925;2,516;3,21
4,95;0,925;2,527;3,21
4,95;0,942;2,496;3,22
4,95;0,952;2,465;3,22
4,95;0,952;2,474;3,22
4,95;0,97;2,429;3,23
4,95;0,988;2,391;3,23
4,95;0,987;2,4;3,24
4,95;1,006;2,348;3,24
4,95;1,024;2,295;3,25
4,95;1,023;2,305;3,25
4,95;1,034;2,237;3,26
4,95;1,052;2,178;3,26
4,95;1,052;2,188;3,27
4,95;1,061;2,144;3,27
4,95;1,078;2,093;3,28
4,95;1,078;2,102;3,28
4,95;1,079;2,06;3,29
4,95;1,088;2,033;3,29
4,95;1,088;2,042;3,3
4,95;1,088;2,016;3,3
4,95;1,097;1,99;3,31
4,95;1,098;1,957;3,31
4,95;1,097;1,965;3,32
4,95;1,098;1,939;3,32
4,95;1,099;1,914;3,33
4,95;1,099;1,894;3,33
4,95;1,099;1,903;3,34
4,95;1,1;1,887;3,35
4,95;1,108;1,865;3,35
4,95;1,108;1,853;3,36
4,95;1,108;1,835;3,36
4,95;1,108;1,824;3,37
4,95;1,108;1,833;3,37
4,95;1,109;1,821;3,38
4,95;1,109;1,81;3,38
4,95;1,109;1,819;3,39
4,95;1,109;1,808;3,39
4,95;1,109;1,804;3,4
4,95;1,109;1,802;3,41
4,95;1,109;1,813;3,41
4,95;1,109;1,807;3,42
4,95;1,109;1,801;3,42
4,95;1,109;1,811;3,43
4,95;1,101;1,806;3,43
4,95;1,101;1,801;3,44
4,95;1,102;1,796;3,44
4,95;1,101;1,804;3,45
4,95;1,101;1,798;3,45
4,95;1,094;1,792;3,46
4,95;1,094;1,799;3,46
4,95;1,087;1,784;3,47
4,95;1,087;1,77;3,47
4,95;1,087;1,778;3,48
4,95;1,079;1,763;3,48
4,95;1,079;1,757;3,49
4,95;1,072;1,743;3,49
4,95;1,072;1,749;3,5
4,95;1,072;1,741;3,5
4,95;1,072;1,735;3,51
4,95;1,064;1,735;3,51
4,95;1,064;1,74;3,52
4,95;1,064;1,732;3,52
4,95;1,064;1,738;3,53
4,95;1,064;1,737;3,53
4,95;1,064;1,742;3,54
4,95;1,057;1,741;3,54
4,95;1,057;1,74;3,55
4,95;1,057;1,745;3,55
4,95;1,057;1,749;3,56
4,95;1,049;1,755;3,56
4,95;1,049;1,76;3,57
4,95;1,049;1,763;3,57
4,95;1,049;1,768;3,58
4,95;1,049;1,771;3,58
4,95;1,049;1,776;3,59
4,95;1,049;1,78;3,59
4,95;1,049;1,783;3,6
4,95;1,049;1,787;3,6
4,95;1,049;1,791;3,61
4,95;1,049;1,794;3,61
4,95;1,048;1,798;3,62
4,95;1,048;1,801;3,62
4,95;1,048;1,804;3,62
4,95;1,048;1,807;3,63
4,95;1,04;1,81;3,64
4,95;1,04;1,813;3,64
4,95;1,04;1,815;3,64
4,95;1,04;1,817;3,65
4,95;1,04;1,819;3,65
4,95;1,04;1,822;3,66
4,95;1,04;1,823;3,66
4,95;1,04;1,825;3,67
4,95;1,04;1,827;3,67
4,95;1,04;1,829;3,68
4,95;1,04;1,829;3,68
4,95;1,04;1,828;3,69
4,95;1,04;1,828;3,69
4,95;1,04;1,828;3,7
4,95;1,04;1,827;3,7
4,95;1,04;1,826;3,71
4,95;1,04;1,825;3,71
4,95;1,04;1,825;3,72
4,95;1,04;1,824;3,72
4,95;1,04;1,83;3,73
4,95;1,032;1,828;3,73
4,95;1,032;1,827;3,74
4,95;1,032;1,825;3,74
4,95;1,032;1,823;3,75
4,95;1,032;1,821;3,75
4,95;1,032;1,827;3,76
4,95;1,024;1,825;3,76
4,95;1,024;1,822;3,77
4,95;1,024;1,82;3,77
4,95;1,024;1,825;3,78
4,95;1,024;1,822;3,78
4,95;1,024;1,819;3,79
4,95;1,024;1,816;3,79
4,95;1,024;1,813;3,79
4,95;1,024;1,81;3,8
4,95;1,015;1,815;3,8
4,95;1,015;1,811;3,81
4,95;1,015;1,807;3,81
4,95;1,015;1,812;3,82
4,95;1,015;1,808;3,82
4,95;1,007;1,803;3,83
4,95;1,007;1,807;3,83
4,95;1,007;1,803;3,84
4,95;1,007;1,798;3,84
4,95;0,998;1,801;3,85
4,95;0,989;1,813;3,85
4,95;0,989;1,808;3,86
4,95;0,989;1,81;3,86
4,95;0,98;1,813;3,87
4,95;0,98;1,808;3,87
4,95;0,962;1,827;3,88
4,95;0,954;1,831;3,88
4,95;0,954;1,824;3,89
4,95;0,945;1,835;3,89
4,95;0,944;1,846;3,9
4,95;0,927;1,847;3,9
4,95;0,927;1,84;3,91
4,95;0,926;1,85;3,91
4,95;0,917;1,852;3,92
4,95;0,918;1,846;3,92
4,95;0,908;1,855;3,93
4,95;0,899;1,856;3,93
4,95;0,899;1,857;3,94
4,95;0,899;1,85;3,94
4,95;0,89;1,85;3,95
4,95;0,881;1,859;3,95
4,95;0,881;1,853;3,96
4,95;0,872;1,854;3,96
4,95;0,863;1,854;3,97
4,95;0,863;1,846;3,97
4,95;0,853;1,854;3,98
4,95;0,844;1,862;3,98
4,95;0,844;1,852;3,99
4,95;0,834;1,862;3,99
4,95;0,825;1,878;4
4,95;0,805;1,895;4
4,95;0,806;1,886;4,01
4,95;0,796;1,903;4,01
4,95;0,796;1,891;4,02
4,95;0,776;1,919;4,02
4,95;0,766;1,946;4,03
4,95;0,756;1,965;4,03
4,95;0,756;1,956;4,04
4,95;0,746;1,984;4,04
4,95;0,726;2,001;4,05
4,95;0,726;1,993;4,05
4,95;0,706;2,02;4,06
4,95;0,706;2,01;4,06
4,95;0,696;2,028;4,07
4,95;0,685;2,044;4,07
4,95;0,675;2,062;4,08
4,95;0,675;2,053;4,08
4,95;0,664;2,071;4,09
4,95;0,654;2,079;4,09
4,95;0,655;2,069;4,1
4,95;0,644;2,088;4,1
4,95;0,633;2,106;4,11
4,95;0,633;2,096;4,11
4,95;0,633;2,114;4,12
4,95;0,622;2,132;4,12
4,95;0,598;2,189;4,14
4,95;0,599;2,18;4,15
4,95;0,586;2,219;4,15
4,95;0,575;2,238;4,16
4,95;0,576;2,229;4,16
4,95;0,563;2,267;4,17
4,95;0,551;2,297;4,17
4,95;0,551;2,289;4,18
4,95;0,538;2,33;4,18
4,95;0,526;2,348;4,19
4,95;0,524;2,385;4,19
4,95;0,524;2,376;4,2
4,95;0,512;2,396;4,2
4,95;0,5;2,426;4,21
4,95;0,497;2,456;4,21
4,95;0,498;2,447;4,22
4,95;0,486;2,465;4,23
4,95;0,484;2,485;4,23
4,95;0,472;2,506;4,24
4,95;0,473;2,496;4,24
4,95;0,47;2,528;4,25
4,95;0,468;2,549;4,25
4,95;0,455;2,578;4,26
4,95;0,456;2,568;4,26
4,95;0,443;2,589;4,27
4,95;0,44;2,621;4,27
4,95;0,441;2,611;4,28
4,95;0,439;2,633;4,28
4,95;0,424;2,674;4,29
4,95;0,41;2,708;4,29
4,95;0,411;2,698;4,3
4,95;0,408;2,72;4,3
4,95;0,405;2,753;4,31
4,95;0,406;2,743;4,31
4,95;0,393;2,764;4,32
4,95;0,39;2,787;4,32
4,95;0,388;2,808;4,33
4,95;0,389;2,798;4,34
4,95;0,387;2,822;4,34
4,95;0,384;2,843;4,35
4,95;0,382;2,863;4,35
4,95;0,381;2,876;4,36
4,95;0,382;2,865;4,36
4,95;0,379;2,888;4,37
4,95;0,389;2,9;4,37
4,95;0,391;2,889;4,38
4,95;0,388;2,913;4,38
4,95;0,387;2,925;4,39
4,95;0,386;2,934;4,4
4,95;0,384;2,947;4,4
4,95;0,385;2,936;4,41
4,95;0,384;2,949;4,41
4,95;0,394;2,962;4,42
4,95;0,395;2,952;4,42
4,95;0,394;2,963;4,43
4,95;0,392;2,976;4,43
4,95;0,403;2,99;4,44
4,95;0,404;2,979;4,44
4,95;0,403;2,99;4,45
4,95;0,401;3,003;4,45
4,95;0,41;3,024;4,46
4,95;0,409;3,032;4,47
4,95;0,419;3,048;4,47
4,95;0,42;3,04;4,48
4,95;0,419;3,055;4,48
4,95;0,429;3,069;4,49
4,95;0,43;3,059;4,49
4,95;0,427;3,088;4,5
4,95;0,426;3,091;4,5
4,95;0,427;3,082;4,51
4,95;0,425;3,097;4,51
4,95;0,423;3,113;4,52
4,95;0,433;3,13;4,52
4,95;0,434;3,121;4,53
4,95;0,433;3,137;4,53
4,95;0,429;3,167;4,54
4,95;0,426;3,184;4,54
4,95;0,421;3,228;4,55
4,95;0,422;3,221;4,55
4,95;0,428;3,266;4,56
4,95;0,424;3,297;4,57
4,95;0,425;3,29;4,57
4,95;0,419;3,338;4,58
4,95;0,412;3,386;4,58
4,95;0,406;3,434;4,59
4,95;0,406;3,428;4,59
4,95;0,412;3,478;4,6
4,95;0,403;3,542;4,6
4,95;0,404;3,536;4,61
4,95;0,397;3,586;4,61
4,95;0,403;3,638;4,62
4,95;0,403;3,633;4,62
4,95;0,394;3,699;4,63
4,95;0,397;3,767;4,63
4,95;0,398;3,762;4,64
4,95;0,388;3,832;4,64
4,95;0,375;3,918;4,65
4,95;0,378;3,99;4,65
4,95;0,378;3,986;4,66
4,95;0,367;4,059;4,66
4,95;0,356;4,134;4,67
4,95;0,344;4,21;4,67
4,95;0,345;4,206;4,68
4,95;0,335;4,267;4,68
4,95;0,323;4,346;4,69
4,95;0,307;4,442;4,69
4,95;0,308;4,44;4,7
4,95;0,309;4,521;4,71
4,95;0,298;4,587;4,71
4,95;0,284;4,672;4,72
4,95;0,285;4,669;4,72
4,95;0,27;4,756;4,73
4,95;0,259;4,825;4,73
4,95;0,25;4,878;4,74
4,95;0,25;4,877;4,74
4,95;0,241;4,93;4,75
4,932;0,241;4,95;4,75
4,934;0,241;4,95;4,76
4,894;0,248;4,95;4,76
4,854;0,271;4,95;4,77
4,834;0,274;4,95;4,77
4,834;0,274;4,95;4,78
4,814;0,278;4,95;4,78
4,794;0,282;4,95;4,79
4,794;0,282;4,95;4,79
4,794;0,296;4,95;4,8
4,794;0,296;4,95;4,82
4,794;0,296;4,95;4,82
4,814;0,307;4,95;4,83
4,875;0,296;4,95;4,83
4,875;0,296;4,95;4,84
4,875;0,296;4,95;4,84
4,875;0,296;4,95;4,85
4,875;0,296;4,95;4,85
4,875;0,296;4,95;4,86
4,875;0,296;4,95;4,86
4,875;0,296;4,95;4,86
4,875;0,296;4,95;4,87
4,875;0,296;4,95;4,87
4,875;0,296;4,95;4,88
4,875;0,296;4,95;4,88
4,875;0,296;4,95;4,88
4,875;0,296;4,95;4,89
4,875;0,296;4,95;4,89
4,875;0,296;4,95;4,9
4,875;0,296;4,95;4,9
4,875;0,296;4,95;4,91
4,875;0,296;4,95;4,91
4,875;0,296;4,95;4,91
4,875;0,296;4,95;4,92
4,875;0,296;4,95;4,92
4,875;0,296;4,95;4,93
4,875;0,296;4,95;4,93
4,875;0,296;4,95;4,93
4,875;0,296;4,95;4,94
4,875;0,296;4,95;4,94
4,875;0,296;4,95;4,95
4,875;0,296;4,95;4,95
4,875;0,296;4,95;4,96
4,875;0,296;4,95;4,96
4,875;0,296;4,95;4,97
4,875;0,296;4,95;4,97
4,875;0,296;4,95;4,98
4,875;0,296;4,95;4,98
4,875;0,296;4,95;4,98
4,875;0,296;4,95;4,99
4,875;0,296;4,95;4,99
4,875;0,296;4,95;5
4,875;0,296;4,95;5
4,875;0,296;4,95;5,01
4,875;0,296;4,95;5,01
4,875;0,296;4,95;5,02
4,875;0,296;4,95;5,02
4,875;0,296;4,95;5,03
4,875;0,296;4,95;5,03
4,875;0,296;4,95;5,21
4,875;0,296;4,95;5,22
4,875;0,296;4,95;5,23
4,875;0,296;4,95;5,23
4,875;0,296;4,95;5,24
4,875;0,296;4,95;5,24
4,875;0,296;4,95;5,24
4,875;0,296;4,95;5,25
4,875;0,296;4,95;5,25
4,875;0,296;4,95;5,26
4,707;0,326;4,95;5,26
4,563;0,337;4,95;5,27
4,563;0,337;4,95;5,27
4,423;0,348;4,95;5,28
4,286;0,372;4,95;5,28
4,286;0,372;4,95;5,29
4,152;0,395;4,95;5,29
4,039;0,401;4,95;5,3
4,039;0,401;4,95;5,3
3,947;0,417;4,95;5,31
3,947;0,417;4,95;5,31
3,856;0,432;4,95;5,31
3,784;0,444;4,95;5,32
3,784;0,444;4,95;5,32
3,713;0,442;4,95;5,33
3,66;0,451;4,95;5,33
3,66;0,451;4,95;5,34
3,607;0,46;4,95;5,34
3,607;0,46;4,95;5,35
3,573;0,452;4,95;5,35
3,521;0,461;4,95;5,36
3,521;0,461;4,95;5,36
3,486;0,466;4,95;5,37
3,435;0,475;4,95;5,37
3,435;0,475;4,95;5,37
3,401;0,48;4,95;5,38
3,333;0,478;4,95;5,39
3,333;0,478;4,95;5,39
3,283;0,486;4,95;5,39
3,233;0,494;4,95;5,4
3,233;0,494;4,95;5,4
3,183;0,488;4,95;5,41
3,183;0,488;4,95;5,41
3,134;0,496;4,95;5,42
3,069;0,507;4,95;5,42
3,021;0,514;4,95;5,43
3,021;0,514;4,95;5,44
2,973;0,522;4,95;5,44
2,926;0,529;4,95;5,45
2,88;0,536;4,95;5,45
2,881;0,536;4,95;5,46
2,834;0,543;4,95;5,46
2,836;0,543;4,95;5,47
2,775;0,553;4,95;5,47
2,714;0,562;4,95;5,48
2,716;0,561;4,95;5,48
2,672;0,555;4,95;5,49
2,598;0,566;4,95;5,49
2,541;0,574;4,95;5,5
2,468;0,585;4,95;5,5
2,472;0,584;4,95;5,51
2,415;0,593;4,95;5,51
2,362;0,587;4,95;5,52
2,293;0,61;4,95;5,53
2,238;0,618;4,95;5,53
2,241;0,617;4,95;5,54
2,172;0,627;4,95;5,54
2,134;0,632;4,95;5,55
2,139;0,632;4,95;5,55
2,072;0,641;4,95;5,56
2,034;0,646;4,95;5,56
2,039;0,645;4,95;5,57
1,988;0,652;4,95;5,57
1,922;0,66;4,95;5,58
1,927;0,66;4,95;5,58
1,878;0,666;4,95;5,59
1,828;0,672;4,95;5,59
1,766;0,68;4,95;5,6
1,772;0,679;4,95;5,61
1,724;0,672;4,95;5,61
1,663;0,68;4,95;5,62
1,616;0,673;4,95;5,62
1,623;0,672;4,95;5,63
1,562;0,679;4,95;5,63
1,516;0,672;4,95;5,64
1,522;0,671;4,95;5,64
1,477;0,676;4,95;5,65
1,419;0,67;4,95;5,65
1,425;0,669;4,95;5,66
1,392;0,673;4,95;5,66
1,398;0,673;4,95;5,66
1,34;0,679;4,95;5,67
1,346;0,679;4,95;5,67
1,301;0,683;4,95;5,68
1,307;0,683;4,95;5,68
1,266;0,687;4,95;5,69
1,211;0,693;4,95;5,69
1,156;0,699;4,95;5,7
1,163;0,698;4,95;5,7
1,123;0,69;4,95;5,71
1,07;0,682;4,95;5,71
1,029;0,686;4,95;5,72
1,037;0,686;4,95;5,72
0,998;0,677;4,95;5,73
0,956;0,668;4,95;5,73
0,965;0,667;4,95;5,74
0,925;0,659;4,95;5,74
0,888;0,662;4,95;5,75
0,897;0,661;4,95;5,75
0,858;0,64;4,95;5,76
0,832;0,642;4,95;5,76
0,843;0,641;4,95;5,77
0,804;0,632;4,95;5,77
0,778;0,622;4,95;5,78
0,788;0,621;4,95;5,78
0,751;0,612;4,95;5,79
0,713;0,602;4,95;5,79
0,662;0,594;4,95;5,8
0,672;0,593;4,95;5,8
0,622;0,572;4,95;5,81
0,584;0,563;4,95;5,81
0,593;0,562;4,95;5,82
0,543;0,541;4,95;5,82
0,494;0,52;4,95;5,83
0,504;0,519;4,95;5,83
0,466;0,497;4,95;5,84
0,476;0,496;4,95;5,84
0,427;0,487;4,95;5,85
0,401;0,464;4,95;5,85
0,411;0,463;4,95;5,86
0,385;0,44;4,95;5,86
0,36;0,416;4,95;5,87
0,37;0,415;4,95;5,87
0,344;0,392;4,95;5,88
0,317;0,356;4,95;5,88
0,327;0,355;4,95;5,89
0,301;0,319;4,95;5,89
0,276;0,295;4,95;5,89
0,285;0,294;4,95;5,9
0,259;0,245;4,95;5,9
0,234;0,195;4,95;5,91
0,243;0,194;4,95;5,91
0,217;0,157;4,95;5,92
0,225;0,157;4,95;5,92
0,201;0,107;4,95;5,93
0,152;0,058;4,95;5,93
0,161;0,057;4,95;5,94
0,133;0;4,934;5,94
0,06;0;4,78;5,95
0,069;0;4,778;5,95
0,009;0;4,629;5,95
0,017;0;4,627;5,96
-0,05;0;4,485;5,96
-0,102;0;4,347;5,97
-0,093;0;4,345;5,97
-0,143;0;4,212;5,98
-0,134;0;4,211;5,98
-0,168;0;4,107;5,99
-0,204;0;3,981;5,99
-0,233;0;3,884;6
-0,225;0;3,883;6
-0,254;0;3,789;6,01
-0,268;0;3,743;6,01
-0,26;0;3,742;6,02
-0,278;0;3,65;6,02
-0,29;0;3,606;6,03
-0,28;0;3,605;6,03
-0,285;0;3,56;6,04
-0,3;0;3,409;6,06
-0,31;0;3,284;6,08
-0,309;0;3,264;6,09
-0,299;0;3,263;6,09
-0,301;0;3,223;6,1
-0,301;0;3,183;6,1
-0,299;0;3,124;6,11
-0,309;0;3,086;6,11
-0,299;0;3,086;6,12
-0,302;0;3,029;6,12
-0,292;0;3,028;6,13
-0,301;0;2,991;6,13
-0,309;0;2,937;6,14
-0,319;0;2,883;6,14
-0,309;0;2,883;6,15
-0,319;0;2,83;6,15
-0,309;0;2,829;6,16
-0,317;0;2,795;6,16
-0,328;0;2,761;6,17
-0,334;0;2,727;6,18
-0,326;0;2,727;6,18
-0,333;0;2,677;6,18
-0,339;0;2,644;6,19
-0,329;0;2,644;6,19
-0,333;0;2,627;6,2
-0,329;0;2,611;6,21
-0,333;0;2,595;6,21
-0,323;0;2,595;6,22
-0,322;0;2,562;6,22
-0,326;0;2,547;6,23
-0,321;0;2,531;6,23
-0,311;0;2,53;6,24
-0,315;0;2,515;6,24
-0,318;0;2,499;6,25
-0,309;0;2,499;6,25
-0,321;0;2,468;6,26
-0,324;0;2,453;6,26
-0,334;0;2,422;6,27
-0,325;0;2,422;6,27
-0,342;0;2,392;6,28
-0,346;0;2,377;6,28
-0,337;0;2,377;6,29
-0,346;0;2,347;6,29
-0,357;0;2,318;6,3
-0,348;0;2,318;6,3
-0,351;0;2,303;6,31
-0,353;0;2,289;6,31
-0,344;0;2,289;6,32
-0,346;0;2,275;6,32
-0,349;0;2,26;6,33
-0,34;0;2,26;6,33
-0,347;0;2,246;6,34
-0,354;0;2,217;6,34
-0,363;0;2,203;6,35
-0,354;0;2,203;6,35
-0,37;0;2,174;6,36
-0,384;0;2,132;6,36
-0,395;0;2,104;6,37
-0,383;0;2,105;6,38
-0,402;0;2,063;6,38
-0,414;0;2,023;6,39
-0,427;0;1,995;6,39
-0,419;0;1,996;6,4
-0,432;0;1,956;6,4
-0,423;0;1,957;6,41
-0,43;0;1,93;6,41
-0,438;0;1,917;6,42
-0,431;0;1,917;6,42
-0,433;0;1,905;6,42
-0,429;0;1,892;6,43
-0,422;0;1,893;6,43
-0,425;0;1,88;6,44
-0,427;0;1,867;6,44
-0,418;0;1,869;6,45
-0,416;0;1,856;6,45
-0,419;0;1,844;6,46
-0,413;0;1,844;6,46
-0,411;0;1,832;6,47
-0,408;0;1,82;6,47
-0,402;0;1,821;6,48
-0,404;0;1,796;6,48
-0,404;0;1,76;6,49
-0,404;0;1,724;6,49
-0,398;0;1,725;6,5
-0,397;0;1,678;6,5
-0,399;0;1,62;6,51
-0,394;0;1,621;6,51
-0,389;0;1,621;6,52
-0,385;0;1,622;6,52
-0,38;0;1,623;6,53
-0,375;0;1,624;6,53
-0,37;0;1,624;6,54
-0,365;0;1,625;6,54
-0,361;0;1,626;6,55
-0,357;0;1,626;6,55
-0,353;0;1,627;6,55
-0,35;0;1,627;6,56
-0,346;0;1,628;6,56
-0,342;0;1,628;6,57
-0,339;0;1,629;6,57
-0,335;0;1,629;6,58
-0,332;0;1,63;6,58
-0,329;0;1,63;6,59
-0,326;0;1,631;6,59
-0,323;0;1,631;6,59
-0,32;0;1,632;6,6
-0,317;0;1,632;6,6
-0,314;0;1,633;6,61
-0,312;0;1,633;6,61
-0,309;0;1,633;6,62
-0,307;0;1,634;6,62
-0,305;0;1,634;6,63
-0,303;0;1,634;6,63
-0,301;0;1,634;6,64
-0,299;0;1,635;6,64
-0,298;0;1,635;6,65
-0,296;0;1,635;6,65
-0,295;0;1,635;6,66
-0,294;0;1,636;6,66
-0,293;0;1,636;6,66
-0,292;0;1,636;6,67
-0,291;0;1,636;6,67
-0,291;0;1,636;6,68
-0,29;0;1,636;6,68
-0,29;0;1,636;6,69
-0,289;0;1,636;6,69
-0,289;0;1,636;6,7
-0,289;0;1,636;6,7
-0,289;0;1,636;6,71
-0,289;0;1,636;6,71
-0,289;0;1,636;6,71
-0,289;0;1,636;6,72
-0,289;0;1,636;6,72
-0,289;0;1,636;6,73
-0,289;0;1,636;6,73
-0,289;0;1,636;6,73
-0,289;0;1,636;6,74
-0,289;0;1,636;6,74
-0,289;0;1,636;6,75
-0,289;0;1,636;6,75
-0,289;0;1,636;6,76
-0,289;0;1,636;6,76
-0,289;0;1,636;6,76
-0,289;0;1,636;6,77
-0,289;0;1,636;6,77
-0,289;0;1,636;6,78
-0,289;0;1,636;6,78
-0,289;0;1,636;6,78
-0,289;0;1,636;6,79
-0,289;0;1,636;6,79
-0,289;0;1,636;6,8
-0,289;0;1,636;6,8
-0,289;0;1,636;6,81
-0,289;0;1,636;6,81
-0,289;0;1,636;6,81
-0,289;0;1,636;6,82
-0,289;0;1,636;6,82
-0,289;0;1,636;6,83
-0,289;0;1,636;6,83
-0,289;0;1,636;6,83
-0,289;0;1,636;6,84
-0,289;0;1,636;6,84
-0,289;0;1,636;6,85
-0,289;0;1,636;6,85
-0,289;0;1,636;6,85
-0,289;0;1,636;6,86
-0,289;0;1,636;6,86
-0,289;0;1,636;6,87
-0,289;0;1,636;6,87
-0,289;0;1,636;6,87
-0,289;0;1,636;6,88
-0,289;0;1,636;6,88
-0,289;0;1,636;6,89
-0,289;0;1,636;6,89
-0,289;0;1,636;6,89
-0,289;0;1,636;6,9
-0,289;0;1,636;6,9
-0,289;0;1,636;6,91
-0,289;0;1,636;6,91
-0,289;0;1,636;6,92
-0,289;0;1,636;6,92
-0,289;0;1,636;6,92
-0,289;0;1,636;6,93
-0,289;0;1,636;6,93
-0,289;0;1,636;6,94
-0,289;0;1,636;6,94
-0,289;0;1,636;6,94
-0,289;0;1,636;6,95
-0,289;0;1,636;6,95
-0,289;0;1,636;6,96
-0,289;0;1,636;6,96
-0,289;0;1,636;6,97
-0,289;0;1,636;6,97
-0,289;0;1,636;6,97
-0,289;0;1,636;6,98
-0,289;0;1,636;6,98
-0,289;0;1,636;6,98
-0,289;0;1,636;6,99
-0,289;0;1,636;6,99
-0,289;0;1,636;7
-0,289;0;1,636;7
-0,289;0;1,636;7,01
-0,289;0;1,636;7,01
-0,289;0;1,636;7,01
-0,289;0;1,636;7,02
-0,289;0;1,636;7,02
-0,289;0;1,636;7,03
-0,289;0;1,636;7,03
-0,289;0;1,636;7,03
-0,289;0;1,636;7,04
-0,289;0;1,636;7,04
-0,289;0;1,636;7,05
-0,289;0;1,636;7,05
-0,289;0;1,636;7,06
-0,289;0;1,636;7,06
-0,289;0;1,636;7,06
-0,289;0;1,636;7,07
-0,289;0;1,636;7,07
-0,289;0;1,636;7,08
-0,289;0;1,636;7,08
-0,289;0;1,636;7,08
-0,289;0;1,636;7,09
-0,289;0;1,636;7,09
-0,289;0;1,636;7,1
-0,289;0;1,636;7,1
-0,289;0;1,636;7,1
-0,289;0;1,636;7,11
-0,289;0;1,636;7,11
-0,289;0;1,636;7,12
-0,289;0;1,636;7,12
-0,289;0;1,636;7,13
-0,289;0;1,636;7,13
-0,289;0;1,636;7,13
-0,289;0;1,636;7,14
-0,289;0;1,636;7,14
-0,289;0;1,636;7,15
-0,289;0;1,636;7,15
-0,289;0;1,636;7,15
-0,289;0;1,636;7,16
-0,289;0;1,636;7,16
-0,289;0;1,636;7,17
-0,289;0;1,636;7,17
-0,3;0;1,635;7,18
-0,305;0;1,634;7,18
-0,305;0;1,634;7,19
-0,309;0;1,622;7,19
-0,32;0;1,62;7,2
-0,331;0;1,618;7,2
-0,331;0;1,618;7,21
-0,334;0;1,606;7,21
-0,334;0;1,606;7,21
-0,34;0;1,606;7,22
-0,34;0;1,606;7,22
-0,345;0;1,605;7,23
-0,356;0;1,603;7,23
-0,356;0;1,603;7,24
-0,361;0;1,602;7,24
-0,361;0;1,602;7,25
-0,367;0;1,601;7,25
-0,367;0;1,601;7,26
-0,367;0;1,601;7,26
-0,367;0;1,601;7,27
-0,37;0;1,589;7,27
-0,37;0;1,589;7,28
-0,37;0;1,589;7,28
-0,37;0;1,589;7,28
-0,37;0;1,589;7,29
-0,37;0;1,589;7,29
-0,376;0;1,588;7,3
-0,376;0;1,588;7,3
-0,376;0;1,588;7,31
-0,376;0;1,588;7,31
-0,376;0;1,588;7,31
-0,376;0;1,588;7,32
-0,376;0;1,588;7,32
-0,376;0;1,588;7,33
-0,376;0;1,588;7,33
-0,376;0;1,588;7,34
-0,376;0;1,588;7,34
-0,376;0;1,588;7,35
-0,376;0;1,588;7,35
-0,376;0;1,588;7,35
-0,376;0;1,588;7,36
-0,381;0;1,587;7,36
-0,381;0;1,587;7,37
-0,381;0;1,587;7,37
-0,381;0;1,587;7,38
-0,381;0;1,587;7,38
-0,381;0;1,587;7,38
-0,381;0;1,587;7,39
-0,381;0;1,587;7,39
-0,386;0;1,586;7,4
-0,386;0;1,586;7,4
-0,386;0;1,586;7,41
-0,386;0;1,586;7,41
-0,386;0;1,586;7,42
-0,392;0;1,585;7,42
-0,392;0;1,585;7,42
-0,392;0;1,585;7,43
-0,397;0;1,584;7,43
-0,397;0;1,584;7,44
-0,402;0;1,583;7,44
-0,411;0;1,57;7,45
-0,411;0;1,57;7,45
-0,427;0;1,567;7,46
-0,427;0;1,567;7,46
-0,441;0;1,553;7,47
-0,467;0;1,548;7,47
-0,467;0;1,548;7,48
-0,481;0;1,533;7,48
-0,5;0;1,518;7,49
-0,518;0;1,503;7,49
-0,518;0;1,503;7,5
-0,534;0;1,499;7,5
-0,547;0;1,485;7,51
-0,565;0;1,469;7,51
-0,565;0;1,469;7,52
-0,578;0;1,455;7,52
-0,595;0;1,439;7,53
-0,595;0;1,439;7,53
-0,595;0;1,439;7,54
-0,594;0;1,439;7,54
-0,593;0;1,44;7,55
-0,592;0;1,44;7,55
-0,609;0;1,424;7,56
-0,63;0;1,407;7,56
-0,629;0;1,408;7,57
-0,65;0;1,391;7,57
-0,67;0;1,374;7,58
-0,69;0;1,357;7,58
-0,688;0;1,357;7,59
-0,705;0;1,33;7,59
-0,724;0;1,313;7,6
-0,722;0;1,314;7,6
-0,742;0;1,285;7,61
-0,76;0;1,268;7,61
-0,758;0;1,269;7,62
-0,778;0;1,229;7,62
-0,775;0;1,231;7,63
-0,799;0;1,189;7,63
-0,822;0;1,148;7,64
-0,819;0;1,15;7,64
-0,848;0;1,117;7,65
-0,869;0;1,076;7,65
-0,89;0;1,025;7,66
-0,886;0;1,027;7,66
-0,901;0;0,978;7,67
-0,918;0;0,939;7,67
-0,915;0;0,941;7,68
-0,931;0;0,912;7,68
-0,943;0;0,875;7,69
-0,939;0;0,877;7,69
-0,959;0;0,846;7,7
-0,955;0;0,848;7,7
-0,965;0;0,822;7,71
-0,983;0;0,792;7,71
-1,002;0;0,73;7,74
-1,007;0;0,707;7,74
-1,014;0;0,692;7,75
-1,009;0;0,695;7,75
-1,017;0;0,69;7,76
-1,017;0;0,679;7,76
-1,011;0;0,683;7,77
-1,012;0;0,673;7,77
-1,014;0;0,661;7,78
-1,008;0;0,665;7,78
-1,012;0;0,662;7,79
-1,016;0;0,66;7,79
-1,01;0;0,664;7,8
-1,013;0;0,651;7,8
-1,015;0;0,65;7,81
-1,009;0;0,654;7,81
-1,016;0;0,649;7,82
-1,022;0;0,645;7,82
-1,023;0;0,634;7,83
-1,016;0;0,639;7,83
-1,026;0;0,632;7,84
-1,034;0;0,626;7,84
-1,026;0;0,631;7,85
-1,037;0;0,634;7,85
-1,045;0;0,628;7,86
-1,038;0;0,634;7,86
-1,048;0;0,637;7,87
-1,053;0;0,633;7,87
-1,057;0;0,629;7,88
-1,05;0;0,635;7,88
-1,061;0;0,637;7,89
-1,072;0;0,64;7,89
-1,064;0;0,646;7,9
-1,075;0;0,648;7,9
-1,085;0;0,651;7,91
-1,103;0;0,659;7,92
-1,096;0;0,665;7,92
-1,112;0;0,663;7,92
-1,123;0;0,665;7,93
-1,116;0;0,672;7,93
-1,136;0;0,677;7,94
-1,157;0;0,682;7,95
-1,15;0;0,689;7,95
-1,173;0;0,692;7,95
-1,195;0;0,696;7,96
-1,19;0;0,701;7,96
-1,211;0;0,706;7,97
-1,239;0;0,717;7,97
-1,233;0;0,724;7,98
-1,263;0;0,734;7,98
-1,289;0;0,748;7,99
-1,282;0;0,754;7,99
-1,313;0;0,764;8
-1,334;0;0,77;8
-1,327;0;0,777;8,01
-1,355;0;0,79;8,01
-1,348;0;0,797;8,02
-1,378;0;0,809;8,02
-1,395;0;0,819;8,03
-1,389;0;0,826;8,03
-1,406;0;0,837;8,04
-1,432;0;0,853;8,04
-1,447;0;0,867;8,05
-1,441;0;0,874;8,05
-1,469;0;0,89;8,06
-1,485;0;0,903;8,06
-1,503;0;0,914;8,07
-1,497;0;0,922;8,07
-1,522;0;0,942;8,08
-1,516;0;0,949;8,08
-1,524;0;0,955;8,09
-1,529;0;0,967;8,09
-1,529;0;0,983;8,1
-1,524;0;0,989;8,1
-1,518;0;0,996;8,11
-1,531;0;1,015;8,11
-1,525;0;1,022;8,12
-1,519;0;1,028;8,12
-1,513;0;1,036;8,13
-1,508;0;1,042;8,13
-1,502;0;1,049;8,13
-1,496;0;1,057;8,14
-1,489;0;1,065;8,14
-1,483;0;1,072;8,15
-1,477;0;1,079;8,15
-1,471;0;1,086;8,16
-1,465;0;1,093;8,16
-1,459;0;1,101;8,17
-1,451;0;1,11;8,17
-1,446;0;1,116;8,18
-1,44;0;1,123;8,18
-1,434;0;1,131;8,19
-1,428;0;1,138;8,19
-1,422;0;1,144;8,2
-1,417;0;1,151;8,2
-1,409;0;1,161;8,21
-1,402;0;1,168;8,21
-1,396;0;1,175;8,22
-1,39;0;1,183;8,22
-1,384;0;1,19;8,23
-1,378;0;1,197;8,23
-1,371;0;1,206;8,24
-1,365;0;1,213;8,24
-1,359;0;1,22;8,25
-1,353;0;1,228;8,25
-1,347;0;1,234;8,26
-1,341;0;1,242;8,26
-1,334;0;1,25;8,27
-1,328;0;1,257;8,27
-1,322;0;1,265;8,28
-1,316;0;1,271;8,28
-1,31;0;1,278;8,28
-1,304;0;1,286;8,29
-1,298;0;1,293;8,29
-1,291;0;1,302;8,3
-1,285;0;1,309;8,3
-1,278;0;1,317;8,31
-1,272;0;1,325;8,31
-1,266;0;1,332;8,32
-1,26;0;1,339;8,32
-1,252;0;1,348;8,33
-1,246;0;1,355;8,33
-1,24;0;1,362;8,34
-1,234;0;1,369;8,34
-1,228;0;1,377;8,35
-1,222;0;1,384;8,35
-1,216;0;1,391;8,36
-1,209;0;1,4;8,36
-1,203;0;1,407;8,37
-1,241;0;1,396;8,37
-1,297;0;1,378;8,38
-1,291;0;1,386;8,38
-1,355;0;1,357;8,39
-1,441;0;1,337;8,39
-1,435;0;1,345;8,4
-1,56;0;1,309;8,4
-1,662;0;1,284;8,41
-1,657;0;1,292;8,41
-1,745;0;1,266;8,42
-1,825;0;1,254;8,42
-1,821;0;1,262;8,43
-1,904;0;1,248;8,43
-1,97;0;1,237;8,44
-2,036;0;1,227;8,44
-2,032;0;1,236;8,45
-2,085;0;1,222;8,45
-2,081;0;1,229;8,46
-2,135;0;1,214;8,46
-2,199;0;1,212;8,46
-2,196;0;1,22;8,47
-2,266;0;1,206;8,48
-2,333;0;1,202;8,48
-2,33;0;1,211;8,48
-2,409;0;1,218;8,49
-2,48;0;1,212;8,49
-2,476;0;1,221;8,5
-2,544;0;1,223;8,51
-2,63;0;1,229;8,51
-2,627;0;1,238;8,51
-2,684;0;1,23;8,52
-2,755;0;1,235;8,52
-2,752;0;1,244;8,53
-2,811;0;1,237;8,53
-2,865;0;1,242;8,54
-2,862;0;1,251;8,54
-2,906;0;1,236;8,55
-2,945;0;1,234;8,55
-2,942;0;1,243;8,56
-2,982;0;1,241;8,56
-3,003;0;1,237;8,57
-3,025;0;1,23;8,57
-3,023;0;1,239;8,58
-3,045;0;1,231;8,58
-3,064;0;1,232;8,59
-3,062;0;1,241;8,59
-3,084;0;1,235;8,6
-3,086;0;1,229;8,6
-3,083;0;1,238;8,61
-3,087;0;1,225;8,62
-3,109;0;1,217;8,62
-3,111;0;1,212;8,63
-3,108;0;1,224;8,63
-3,109;0;1,218;8,64
-3,11;0;1,214;8,64
-3,108;0;1,223;8,65
-3,109;0;1,218;8,65
-3,108;0;1,221;8,66
-3,107;0;1,225;8,67
-3,107;0;1,228;8,67
-3,104;0;1,237;8,68
-3,085;0;1,234;8,68
-3,082;0;1,243;8,69
-3,08;0;1,252;8,69
-3,079;0;1,256;8,7
-3,057;0;1,262;8,7
-3,055;0;1,272;8,71
-3,054;0;1,274;8,71
-3,033;0;1,28;8,72
-3,03;0;1,29;8,72
-3,027;0;1,3;8,73
-3,007;0;1,304;8,73
-3,005;0;1,312;8,74
-2,986;0;1,308;8,74
-2,984;0;1,316;8,75
-2,982;0;1,324;8,75
-2,979;0;1,334;8,75
-2,96;0;1,334;8,76
-2,957;0;1,344;8,77
-2,955;0;1,352;8,77
-2,953;0;1,361;8,77
-2,95;0;1,369;8,78
-2,95;0;1,371;8,78
-2,928;0;1,38;8,79
-2,926;0;1,389;8,8
-2,924;0;1,398;8,8
-2,906;0;1,391;8,81
-2,906;0;1,392;8,81
-2,904;0;1,4;8,82
-2,888;0;1,39;8,82
-2,855;0;1,369;8,83
-2,841;0;1,352;8,83
-2,838;0;1,363;8,84
-2,809;0;1,334;8,84
-2,811;0;1,323;8,85
-2,809;0;1,333;8,85
-2,794;0;1,317;8,86
-2,78;0;1,301;8,86
-2,765;0;1,286;8,87
-2,763;0;1,296;8,87
-2,749;0;1,28;8,88
-2,751;0;1,269;8,89
-2,749;0;1,279;8,89
-2,733;0;1,27;8,9
-2,735;0;1,26;8,9
-2,721;0;1,246;8,91
-2,719;0;1,255;8,91
-2,704;0;1,24;8,92
-2,689;0;1,233;8,92
-2,689;0;1,229;8,93
-2,687;0;1,241;8,93
-2,687;0;1,243;8,94
-2,688;0;1,238;8,94
-2,686;0;1,249;8,95
-2,684;0;1,258;8,95
-2,699;0;1,272;8,96
-2,696;0;1,29;8,96
-2,694;0;1,3;8,97
-2,693;0;1,309;8,97
-2,691;0;1,318;8,98
-2,69;0;1,327;8,98
-2,688;0;1,338;8,99
-2,686;0;1,349;8,99
-2,684;0;1,358;9
-2,683;0;1,367;9
-2,681;0;1,378;9,01
-2,679;0;1,387;9,01
-2,678;0;1,396;9,02
-2,676;0;1,406;9,02
-2,674;0;1,416;9,03
-2,673;0;1,425;9,03
-2,671;0;1,434;9,04
-2,67;0;1,442;9,04
-2,668;0;1,452;9,05
-2,667;0;1,461;9,05
-2,664;0;1,473;9,06
-2,663;0;1,483;9,06
-2,661;0;1,492;9,07
-2,66;0;1,501;9,07
-2,658;0;1,511;9,08
-2,656;0;1,52;9,08
-2,654;0;1,532;9,09
-2,653;0;1,541;9,09
-2,651;0;1,55;9,1
-2,65;0;1,559;9,1
-2,648;0;1,568;9,11
-2,646;0;1,577;9,11
-2,645;0;1,585;9,11
-2,643;0;1,596;9,12
-2,642;0;1,604;9,12
-2,64;0;1,612;9,13
-2,639;0;1,621;9,13
-2,637;0;1,631;9,14
-2,636;0;1,639;9,14
-2,634;0;1,649;9,15
-2,633;0;1,658;9,15
-2,631;0;1,667;9,16
-2,629;0;1,676;9,16
-2,627;0;1,688;9,17
-2,626;0;1,696;9,17
-2,624;0;1,705;9,18
-2,623;0;1,714;9,18
-2,621;0;1,723;9,18
-2,619;0;1,734;9,19
-2,618;0;1,743;9,19
-2,616;0;1,754;9,2
-2,614;0;1,764;9,21
-2,613;0;1,773;9,21
-2,611;0;1,782;9,21
-2,609;0;1,791;9,22
-2,608;0;1,799;9,22
-2,606;0;1,812;9,23
-2,604;0;1,82;9,23
-2,603;0;1,829;9,24
-2,613;0;1,766;9,24
-2,612;0;1,775;9,25
-2,593;0;1,669;9,25
-2,573;0;1,55;9,26
-2,566;0;1,435;9,26
-2,565;0;1,445;9,27
-2,555;0;1,337;9,27
-2,541;0;1,238;9,28
-2,541;0;1,247;9,28
-2,525;0;1,134;9,29
-2,505;0;1,023;9,29
-2,506;0;1,032;9,3
-2,469;0;0,943;9,3
-2,448;0;0,884;9,31
-2,425;0;0,811;9,31
-2,426;0;0,82;9,32
-2,402;0;0,75;9,32
-2,377;0;0,686;9,33
-2,351;0;0,622;9,33
-2,353;0;0,631;9,34
-2,328;0;0,581;9,34
-2,303;0;0,533;9,35
-2,305;0;0,542;9,35
-2,283;0;0,509;9,36
-2,275;0;0,472;9,37
-2,277;0;0,482;9,37
-2,268;0;0,445;9,38
-2,244;0;0,411;9,38
-2,205;0;0,379;9,39
-2,179;0;0,34;9,39
-2,181;0;0,349;9,4
-2,156;0;0,316;9,4
-2,146;0;0,282;9,41
-2,149;0;0,291;9,41
-2,126;0;0,269;9,42
-2,103;0;0,244;9,42
-2,082;0;0,227;9,43
-2,085;0;0,236;9,43
-2,063;0;0,218;9,44
-2,028;0;0,205;9,44
-2,031;0;0,215;9,45
-2,013;0;0,206;9,45
-1,975;0;0,187;9,46
-1,978;0;0,194;9,46
-1,928;0;0,182;9,47
-1,909;0;0,173;9,47
-1,913;0;0,182;9,48
-1,877;0;0,166;9,48
-1,841;0;0,152;9,49
-1,845;0;0,16;9,49
-1,814;0;0,158;9,5
-1,781;0;0,149;9,5
-1,718;0;0,137;9,53
-1,697;0;0,123;9,53
-1,679;0;0,116;9,54
-1,683;0;0,124;9,54
-1,668;0;0,123;9,55
-1,65;0;0,115;9,55
-1,655;0;0,126;9,56
-1,626;0;0,125;9,56
-1,623;0;0,119;9,57
-1,609;0;0,119;9,58
-1,613;0;0,127;9,58
-1,609;0;0,121;9,59
-1,593;0;0,117;9,59
-1,578;0;0,116;9,6
-1,583;0;0,124;9,6
-1,577;0;0,113;9,61
-1,562;0;0,113;9,61
-1,567;0;0,121;9,62
-1,549;0;0,115;9,62
-1,535;0;0,116;9,63
-1,532;0;0,111;9,63
-1,537;0;0,118;9,64
-1,533;0;0,112;9,64
-1,523;0;0,119;9,65
-1,526;0;0,124;9,66
-1,531;0;0,132;9,66
-1,531;0;0,132;9,67
-1,533;0;0,136;9,67
-1,538;0;0,144;9,68
-1,543;0;0,152;9,68
-1,549;0;0,162;9,69
-1,554;0;0,17;9,69
-1,559;0;0,178;9,7
-1,564;0;0,186;9,7
-1,569;0;0,195;9,71
-1,574;0;0,202;9,71
-1,58;0;0,213;9,72
-1,585;0;0,221;9,72
-1,59;0;0,229;9,73
-1,595;0;0,237;9,73
-1,6;0;0,244;9,74
-1,604;0;0,252;9,74
-1,61;0;0,26;9,75
-1,615;0;0,27;9,75
-1,621;0;0,278;9,76
-1,626;0;0,287;9,76
-1,631;0;0,295;9,77
-1,636;0;0,303;9,77
-1,641;0;0,311;9,77
-1,647;0;0,321;9,78
-1,652;0;0,329;9,79
-1,657;0;0,338;9,79
-1,662;0;0,346;9,8
-1,667;0;0,353;9,8
-1,671;0;0,361;9,8
-1,677;0;0,369;9,81
-1,681;0;0,376;9,81
-1,685;0;0,383;9,82
-1,691;0;0,392;9,82
-1,697;0;0,402;9,83
-1,702;0;0,41;9,83
-1,707;0;0,418;9,84
-1,711;0;0,425;9,84
-1,717;0;0,434;9,85
-1,721;0;0,442;9,85
-1,727;0;0,452;9,86
-1,732;0;0,46;9,86
-1,738;0;0,469;9,87
-1,743;0;0,477;9,87
-1,748;0;0,485;9,88
-1,753;0;0,492;9,88
-1,758;0;0,501;9,89
-1,764;0;0,511;9,89
-1,769;0;0,519;9,9
-1,774;0;0,527;9,9
-1,779;0;0,536;9,91
-1,727;0;0,499;9,91
-1,732;0;0,506;9,92
-1,656;0;0,458;9,92
-1,566;0;0,393;9,93
-1,572;0;0,401;9,93
-1,482;0;0,34;9,94
-1,389;0;0,283;9,94
-1,297;0;0,229;9,95
-1,305;0;0,238;9,95
-1,21;0;0,187;9,96
-1,115;0;0,14;9,96
-1,122;0;0,147;9,97
-1,019;0;0,097;9,97
-0,921;0;0,07;9,98
-0,928;0;0,076;9,98
-0,848;0;0,053;9,99
-0,756;0;0,037;9,99
-0,763;0;0,042;10
-0,692;0;0,017;10
-0,634;0;0,003;10,01
-0,642;0;0,009;10,01
-0,599;0;-0,007;10,02
-0,56;0;-0,019;10,02
-0,54;0;-0,031;10,03
-0,523;0;-0,053;10,04
-0,531;0;-0,048;10,04
-0,53;0;-0,072;10,05
-0,864;0;-0,003;10,24
-0,879;0;0,004;10,25
-0,889;0;0,009;10,25
-0,895;0;0,013;10,26
-0,902;0;0,016;10,26
-0,909;0;0,02;10,27
-0,916;0;0,024;10,27
-0,923;0;0,027;10,27
-0,93;0;0,031;10,28
-0,941;0;0,037;10,28
-0,951;0;0,042;10,29
-0,959;0;0,047;10,29
-0,967;0;0,051;10,3
-0,975;0;0,055;10,3
-0,984;0;0,06;10,31
-0,993;0;0,064;10,31
-1,003;0;0,07;10,32
-1,012;0;0,074;10,32
-1,02;0;0,079;10,33
-1,028;0;0,083;10,33
-1,036;0;0,087;10,34
-1,044;0;0,092;10,34
-1,055;0;0,098;10,35
-1,064;0;0,102;10,35
-1,072;0;0,107;10,36
-1,081;0;0,111;10,36
-1,09;0;0,116;10,37
-1,098;0;0,12;10,37
-1,108;0;0,126;10,38
-1,117;0;0,13;10,38
-1,126;0;0,135;10,39
-1,134;0;0,139;10,39
-1,142;0;0,143;10,4
-1,15;0;0,148;10,4
-1,16;0;0,153;10,41
-1,169;0;0,158;10,41
-1,177;0;0,162;10,42
-1,185;0;0,166;10,42
-1,192;0;0,17;10,43
-1,2;0;0,174;10,43
-1,208;0;0,179;10,44
-1,219;0;0,185;10,44
-1,232;0;0,191;10,45
-1,241;0;0,196;10,45
-1,249;0;0,2;10,46
-1,256;0;0,204;10,46
-1,266;0;0,209;10,47
-1,277;0;0,215;10,47
-1,286;0;0,22;10,48
-1,294;0;0,224;10,48
-1,304;0;0,229;10,49
-1,312;0;0,234;10,49
-1,32;0;0,238;10,5
-1,329;0;0,242;10,5
-1,338;0;0,247;10,51
-1,346;0;0,251;10,51
-1,367;0;0,263;10,53
-1,376;0;0,268;10,53
-1,386;0;0,273;10,54
-1,394;0;0,277;10,54
-1,403;0;0,282;10,55
-1,41;0;0,286;10,55
-1,417;0;0,289;10,55
-1,424;0;0,293;10,56
-1,431;0;0,296;10,56
-1,437;0;0,3;10,57
-1,444;0;0,304;10,57
-1,451;0;0,307;10,58
-1,458;0;0,311;10,58
-1,465;0;0,315;10,59
-1,471;0;0,318;10,59
-1,478;0;0,321;10,59
-1,484;0;0,325;10,6
-1,491;0;0,328;10,6
-1,497;0;0,332;10,61
-1,503;0;0,335;10,61
-1,509;0;0,338;10,62
-1,515;0;0,341;10,62
-1,521;0;0,344;10,63
-1,527;0;0,347;10,63
-1,532;0;0,35;10,64
-1,537;0;0,353;10,64
-1,543;0;0,356;10,65
-1,549;0;0,359;10,65
-1,553;0;0,361;10,65
-1,558;0;0,364;10,66
-1,562;0;0,366;10,66
-1,567;0;0,369;10,67
-1,572;0;0,371;10,67
-1,576;0;0,373;10,68
-1,58;0;0,375;10,68
-1,584;0;0,378;10,69
-1,588;0;0,38;10,69
-1,592;0;0,382;10,69
-1,596;0;0,384;10,7
-1,6;0;0,386;10,7
-1,604;0;0,388;10,71
-1,608;0;0,39;10,71
-1,611;0;0,392;10,72
-1,615;0;0,394;10,72
-1,618;0;0,396;10,73
-1,621;0;0,397;10,73
-1,624;0;0,399;10,73
-1,628;0;0,401;10,74
-1,63;0;0,402;10,74
-1,633;0;0,404;10,75
-1,636;0;0,405;10,75
-1,639;0;0,406;10,76
-1,641;0;0,408;10,76
-1,644;0;0,409;10,77
-1,646;0;0,41;10,77
-1,648;0;0,411;10,78
-1,65;0;0,413;10,78
-1,652;0;0,414;10,79
-1,654;0;0,415;10,79
-1,656;0;0,415;10,8
-1,657;0;0,416;10,8
-1,659;0;0,417;10,81
-1,66;0;0,418;10,81
-1,661;0;0,418;10,81
-1,662;0;0,419;10,82
-1,663;0;0,419;10,82
-1,664;0;0,42;10,83
-1,665;0;0,42;10,83
-1,665;0;0,421;10,84
-1,666;0;0,421;10,84
-1,666;0;0,421;10,85
-1,667;0;0,421;10,85
-1,667;0;0,421;10,86
-1,667;0;0,421;10,86
-1,667;0;0,421;10,87
-1,667;0;0,421;10,87
-1,667;0;0,421;10,87
-1,667;0;0,421;10,88
-1,667;0;0,421;10,88
-1,667;0;0,421;10,89
-1,667;0;0,421;10,89
-1,667;0;0,421;10,9
-1,667;0;0,421;10,9
-1,667;0;0,421;10,9
-1,667;0;0,421;10,91
-1,667;0;0,421;10,91
-1,667;0;0,421;10,92
-1,667;0;0,421;10,92
-1,667;0;0,421;10,92
-1,667;0;0,421;10,93
-1,667;0;0,421;10,93
-1,667;0;0,421;10,94
-1,667;0;0,421;10,94
-1,667;0;0,421;10,94
-1,667;0;0,421;10,95
-1,667;0;0,421;10,95
-1,667;0;0,421;10,96
-1,667;0;0,421;10,96
-1,667;0;0,421;10,96
-1,667;0;0,421;10,97
-1,667;0;0,421;10,97
-1,667;0;0,421;10,98
-1,667;0;0,421;10,98
-1,667;0;0,421;10,98
-1,667;0;0,421;10,99
-1,667;0;0,421;10,99
-1,667;0;0,421;11
-1,667;0;0,421;11
-1,667;0;0,421;11,01
-1,667;0;0,421;11,01
-1,667;0;0,421;11,01
-1,667;0;0,421;11,02
-1,667;0;0,421;11,02
-1,667;0;0,421;11,03
-1,667;0;0,421;11,03
-1,667;0;0,421;11,03
-1,667;0;0,421;11,04
-1,667;0;0,421;11,04
-1,667;0;0,421;11,05
-1,667;0;0,421;11,05
-1,643;0;0,409;11,06
-1,62;0;0,397;11,06
-1,62;0;0,397;11,07
-1,601;0;0,388;11,07
-1,582;0;0,378;11,08
-1,582;0;0,378;11,08
-1,563;0;0,369;11,09
-1,553;0;0,352;11,09
-1,539;0;0,346;11,1
-1,539;0;0,346;11,1
-1,534;0;0,331;11,11
-1,524;0;0,327;11,11
-1,524;0;0,327;11,12
-1,515;0;0,323;11,12
-1,514;0;0,31;11,13
-1,514;0;0,31;11,13
-1,514;0;0,298;11,14
-1,514;0;0,298;11,14
-1,518;0;0,288;11,15
-1,532;0;0,27;11,15
-1,542;0;0,263;11,16
-1,542;0;0,263;11,16
-1,551;0;0,255;11,17
-1,566;0;0,249;11,17
-1,566;0;0,249;11,17
-1,586;0;0,233;11,18
-1,586;0;0,233;11,18
-1,61;0;0,22;11,19
-1,635;0;0,206;11,19
-1,635;0;0,206;11,2
-1,676;0;0,2;11,2
-1,676;0;0,2;11,21
-1,727;0;0,187;11,21
-1,727;0;0,187;11,21
-1,789;0;0,179;11,22
-1,858;0;0,161;11,22
-1,858;0;0,161;11,23
-1,992;0;0,153;11,23
-1,992;0;0,153;11,23
-2,162;0;0,154;11,24
-2,162;0;0,154;11,24
-2,316;0;0,18;11,24
-2,316;0;0,18;11,25
-2,498;0;0,231;11,25
-2,637;0;0,274;11,26
-2,637;0;0,274;11,26
-2,738;0;0,325;11,27
-2,824;0;0,386;11,27
-2,824;0;0,386;11,28
-2,909;0;0,449;11,28
-2,909;0;0,449;11,28
-2,978;0;0,5;11,29
-3,038;0;0,543;11,29
-3,038;0;0,543;11,3
-3,069;0;0,577;11,3
-3,091;0;0,602;11,31
-3,091;0;0,602;11,31
-3,109;0;0,622;11,32
-3,117;0;0,632;11,32
-3,126;0;0,642;11,33
-3,119;0;0,656;11,34
-3,124;0;0,661;11,34
-3,124;0;0,661;11,35
-3,124;0;0,661;11,35
-3,124;0;0,661;11,35
-3,124;0;0,661;11,36
-3,124;0;0,661;11,36
-3,115;0;0,651;11,38
-3,102;0;0,636;11,39
-3,102;0;0,636;11,39
-3,085;0;0,616;11,4
-3,072;0;0,602;11,4
-3,072;0;0,602;11,4
-3,05;0;0,577;11,41
-3,023;0;0,548;11,41
-3,023;0;0,548;11,42
-2,997;0;0,519;11,42
-2,955;0;0,495;11,43
-2,955;0;0,495;11,43
-2,909;0;0,449;11,44
-2,843;0;0,404;11,44
-2,843;0;0,404;11,45
-2,752;0;0,338;11,45
-2,752;0;0,338;11,46
-2,637;0;0,274;11,46
-2,509;0;0,206;11,47
-2,509;0;0,206;11,47
-2,378;0;0,158;11,47
-2,378;0;0,158;11,48
-2,264;0;0,111;11,48
-2,155;0;0,072;11,49
-2,155;0;0,072;11,49
-2,05;0;0,054;11,5
-2,05;0;0,054;11,5
-1,957;0;0,03;11,51
-1,848;0;0,015;11,51
-1,848;0;0,015;11,51
-1,766;0;0,003;11,52
-1,701;0;-0,001;11,52
-1,701;0;-0,001;11,53
-1,626;0;0,006;11,53
-1,567;0;-0,006;11,54
-1,567;0;-0,006;11,54
-1,524;0;-0,024;11,55
-1,487;0;-0,026;11,55
-1,487;0;-0,026;11,56
-1,459;0;-0,037;11,56
-1,442;0;-0,057;11,57
-1,442;0;-0,057;11,57
-1,435;0;-0,072;11,58
-1,428;0;-0,088;11,58
-1,428;0;-0,088;11,59
-1,433;0;-0,1;11,59
-1,448;0;-0,107;11,6
-1,448;0;-0,107;11,6
-1,454;0;-0,105;11,61
-1,465;0;-0,101;11,61
-1,465;0;-0,101;11,62
-1,465;0;-0,101;11,62
-1,465;0;-0,101;11,63
-1,465;0;-0,101;11,63
-1,465;0;-0,101;11,63
-1,465;0;-0,101;11,64
-1,465;0;-0,101;11,64
-1,465;0;-0,101;11,65
-1,465;0;-0,101;11,65
-1,465;0;-0,101;11,65
-1,465;0;-0,101;11,66
-1,465;0;-0,101;11,66
-1,465;0;-0,101;11,67
-1,465;0;-0,101;11,67
-1,465;0;-0,101;11,68
-1,465;0;-0,101;11,68
-1,465;0;-0,101;11,68
-1,465;0;-0,101;11,69
-1,465;0;-0,101;11,69
-1,465;0;-0,101;11,7
-1,465;0;-0,101;11,7
-1,465;0;-0,101;11,7
-1,465;0;-0,101;11,71
-1,465;0;-0,101;11,71
-1,465;0;-0,101;11,72
-1,465;0;-0,101;11,72
-1,465;0;-0,101;11,72
-1,465;0;-0,101;11,73
-1,465;0;-0,101;11,73
-1,465;0;-0,101;11,74
-1,465;0;-0,101;11,74
-1,465;0;-0,101;11,74
-1,465;0;-0,101;11,75
-1,465;0;-0,101;11,75
-1,465;0;-0,101;11,76
-1,465;0;-0,101;11,76
-1,465;0;-0,101;11,77
-1,465;0;-0,101;11,77
-1,465;0;-0,101;11,77
-1,465;0;-0,101;11,78
-1,465;0;-0,101;11,78
-1,465;0;-0,101;11,79
-1,465;0;-0,101;11,79
-1,465;0;-0,101;11,79
-1,465;0;-0,101;11,8
-1,465;0;-0,101;11,8
-1,465;0;-0,101;11,8
-1,465;0;-0,101;11,81
-1,465;0;-0,101;11,81
-1,465;0;-0,101;11,81
-1,465;0;-0,101;11,82
-1,465;0;-0,101;11,82
-1,465;0;-0,101;11,83
-1,465;0;-0,101;11,83
-1,465;0;-0,101;11,83
-1,465;0;-0,101;11,84
-1,409;0;-0,122;11,84
-1,409;0;-0,122;11,85
-1,326;0;-0,137;11,85
-1,326;0;-0,137;11,86
-1,231;0;-0,154;11,86
-1,103;0;-0,177;11,87
-1,103;0;-0,177;11,87
-0,988;0;-0,205;11,87
-0,988;0;-0,205;11,88
-0,869;0;-0,242;11,88
-0,763;0;-0,26;11,89
-0,763;0;-0,26;11,89
-0,659;0;-0,287;11,9
-0,554;0;-0,31;11,9
-0,554;0;-0,31;11,91
-0,435;0;-0,319;11,91
-0,345;0;-0,323;11,92
-0,345;0;-0,323;11,92
-0,267;0;-0,336;11,93
-0,177;0;-0,348;11,93
-0,177;0;-0,348;11,94
-0,098;0;-0,358;11,94
-0,031;0;-0,367;11,95
-0,031;0;-0,367;11,95
0,025;0;-0,389;11,95
0,025;0;-0,389;11,96
0,063;0;-0,399;11,96
0,107;0;-0,408;11,97
0,107;0;-0,408;11,97
0,133;0;-0,418;11,98
0,133;0;-0,418;11,98
0,165;0;-0,428;11,98
0,185;0;-0,438;11,99
0,185;0;-0,438;11,99
0,205;0;-0,449;12
0,205;0;-0,449;12
0,221;0;-0,474;12,01
0,227;0;-0,473;12,01
0,227;0;-0,473;12,02
0,235;0;-0,485;12,02
0,243;0;-0,498;12,03
0,258;0;-0,51;12,03
0,258;0;-0,51;12,04
0,258;0;-0,51;12,04
0,258;0;-0,51;12,05
0,258;0;-0,51;12,05
0,258;0;-0,51;12,05
0,258;0;-0,51;12,06
0,258;0;-0,51;12,06
0,258;0;-0,51;12,07
0,258;0;-0,51;12,07
0,258;0;-0,51;12,08
0,258;0;-0,51;12,08
0,258;0;-0,51;12,09
0,258;0;-0,51;12,09
0,258;0;-0,51;12,09
0,258;0;-0,51;12,1
0,258;0;-0,51;12,1
0,258;0;-0,51;12,1
0,258;0;-0,51;12,11
0,258;0;-0,51;12,11
0,258;0;-0,51;12,12
0,258;0;-0,51;12,12
0,258;0;-0,51;12,13
0,258;0;-0,51;12,13
0,258;0;-0,51;12,13
0,258;0;-0,51;12,14
0,258;0;-0,51;12,14
0,258;0;-0,51;12,15
0,258;0;-0,51;12,15
0,258;0;-0,51;12,15
0,258;0;-0,51;12,16
0,258;0;-0,51;12,16
0,258;0;-0,51;12,17
0,258;0;-0,51;12,17
0,258;0;-0,51;12,17
0,258;0;-0,51;12,18
0,258;0;-0,51;12,18
0,258;0;-0,51;12,19
0,258;0;-0,51;12,19
0,258;0;-0,51;12,19
0,258;0;-0,51;12,2
0,258;0;-0,51;12,2
0,258;0;-0,51;12,21
0,258;0;-0,51;12,21
0,258;0;-0,51;12,21
0,258;0;-0,51;12,22
0,258;0;-0,51;12,22
0,258;0;-0,51;12,23
0,258;0;-0,51;12,23
0,258;0;-0,51;12,23
0,258;0;-0,51;12,24
0,258;0;-0,51;12,24
0,258;0;-0,51;12,25
0,258;0;-0,51;12,25
0,258;0;-0,51;12,25
0,258;0;-0,51;12,26
0,258;0;-0,51;12,26
0,258;0;-0,51;12,27
0,258;0;-0,51;12,27
0,258;0;-0,51;12,28
0,258;0;-0,51;12,28
0,258;0;-0,51;12,28
0,258;0;-0,51;12,29
0,258;0;-0,51;12,29
0,258;0;-0,51;12,3
0,258;0;-0,51;12,3
0,258;0;-0,51;12,31
0,258;0;-0,51;12,31
0,258;0;-0,51;12,31
0,258;0;-0,51;12,32
0,258;0;-0,51;12,32
0,258;0;-0,51;12,33
0,258;0;-0,51;12,33
0,308;0;-0,502;12,34
0,308;0;-0,502;12,34
0,371;0;-0,492;12,34
0,44;0;-0,479;12,35
0,44;0;-0,479;12,35
0,508;0;-0,465;12,36
0,576;0;-0,45;12,36
0,576;0;-0,45;12,37
0,648;0;-0,447;12,37
0,707;0;-0,445;12,38
0,707;0;-0,445;12,38
0,762;0;-0,43;12,39
0,812;0;-0,416;12,39
0,812;0;-0,416;12,4
0,854;0;-0,402;12,4
0,854;0;-0,402;12,41
0,901;0;-0,402;12,41
0,942;0;-0,402;12,42
0,942;0;-0,402;12,42
0,984;0;-0,403;12,43
0,984;0;-0,403;12,43
1,014;0;-0,392;12,43
1,043;0;-0,396;12,44
1,043;0;-0,396;12,44
1,073;0;-0,4;12,45
1,096;0;-0,406;12,45
1,096;0;-0,406;12,46
1,108;0;-0,402;12,46
1,108;0;-0,402;12,47
1,12;0;-0,397;12,47
1,132;0;-0,408;12,48
1,132;0;-0,408;12,48
1,138;0;-0,405;12,49
1,144;0;-0,403;12,49
1,144;0;-0,403;12,5
1,149;0;-0,416;12,5
1,149;0;-0,416;12,51
1,149;0;-0,416;12,51
1,149;0;-0,416;12,51
1,149;0;-0,416;12,52
1,154;0;-0,429;12,52
1,154;0;-0,429;12,53
1,154;0;-0,429;12,53
1,154;0;-0,445;12,54
1,147;0;-0,447;12,54
1,147;0;-0,447;12,55
1,147;0;-0,463;12,55
1,147;0;-0,463;12,56
1,139;0;-0,482;12,56
1,132;0;-0,5;12,57
1,131;0;-0,516;12,57
1,131;0;-0,516;12,58
1,124;0;-0,535;12,58
1,116;0;-0,554;12,59
1,114;0;-0,586;12,59
1,114;0;-0,586;12,6
1,106;0;-0,605;12,6
1,098;0;-0,624;12,61
1,098;0;-0,624;12,61
1,09;0;-0,643;12,62
1,089;0;-0,66;12,63
1,089;0;-0,66;12,63
1,076;0;-0,665;12,64
1,074;0;-0,682;12,64
1,068;0;-0,684;12,65
1,068;0;-0,684;12,65
1,06;0;-0,703;12,66
1,065;0;-0,718;12,66
1,045;0;-0,725;12,67
1,045;0;-0,725;12,67
1,048;0;-0,757;12,68
1,04;0;-0,776;12,68
1,04;0;-0,776;12,69
1,029;0;-0,813;12,69
1,029;0;-0,813;12,7
1,014;0;-0,835;12,7
1,01;0;-0,871;12,71
1,001;0;-0,891;12,71
1,001;0;-0,891;12,72
0,99;0;-0,929;12,72
0,99;0;-0,929;12,73
0,983;0;-0,931;12,73
0,973;0;-0,951;12,74
0,971;0;-0,969;12,74
0,971;0;-0,969;12,75
0,976;0;-0,985;12,75
0,969;0;-0,988;12,76
0,962;0;-0,99;12,76
0,962;0;-0,99;12,77
0,962;0;-0,99;12,77
0,962;0;-0,99;12,78
0,962;0;-0,99;12,78
0,959;0;-1,008;12,79
0,959;0;-1,008;12,79
0,959;0;-1,008;12,8
0,959;0;-1,008;12,8
0,959;0;-1,008;12,8
0,959;0;-1,008;12,81
0,959;0;-1,008;12,81
0,959;0;-1,008;12,82
0,959;0;-1,008;12,82
0,959;0;-1,008;12,82
0,959;0;-1,008;12,83
0,959;0;-1,008;12,83
0,959;0;-1,008;12,84
0,959;0;-1,008;12,84
0,959;0;-1,008;12,84
0,959;0;-1,008;12,85
0,959;0;-1,008;12,85
0,959;0;-1,008;12,86
0,959;0;-1,008;12,86
0,959;0;-1,008;12,87
0,959;0;-1,008;12,87
0,959;0;-1,008;12,87
0,959;0;-1,008;12,88
0,959;0;-1,008;12,88
0,966;0;-1,006;12,89
0,966;0;-1,006;12,89
0,966;0;-1,006;12,9
0,966;0;-1,006;12,9
0,966;0;-1,006;12,91
0,966;0;-1,006;12,91
0,966;0;-1,006;12,91
0,966;0;-1,006;12,92
0,966;0;-1,006;12,92
0,966;0;-1,006;12,93
0,966;0;-1,006;12,93
0,962;0;-0,99;12,94
0,962;0;-0,99;12,94
0,962;0;-0,99;12,95
0,962;0;-0,99;12,95
0,962;0;-0,99;12,95
0,962;0;-0,99;12,96
0,962;0;-0,99;12,96
0,962;0;-0,99;12,97
0,962;0;-0,99;12,97
0,962;0;-0,99;12,99
0,962;0;-0,99;13,01
0,962;0;-0,99;13,01
0,962;0;-0,99;13,02
0,962;0;-0,99;13,02
0,962;0;-0,99;13,03
0,962;0;-0,99;13,03
0,962;0;-0,99;13,03
0,962;0;-0,99;13,04
0,962;0;-0,99;13,04
0,962;0;-0,99;13,05
0,962;0;-0,99;13,05
0,962;0;-0,99;13,06
0,962;0;-0,99;13,06
0,962;0;-0,99;13,07
0,962;0;-0,99;13,07
0,962;0;-0,99;13,07
0,962;0;-0,99;13,08
0,962;0;-0,99;13,08
0,962;0;-0,99;13,09
0,962;0;-0,99;13,09
0,962;0;-0,99;13,1
0,962;0;-0,99;13,1
0,962;0;-0,99;13,1
0,962;0;-0,99;13,11
0,962;0;-0,99;13,11
0,962;0;-0,99;13,12
0,962;0;-0,99;13,12
0,962;0;-0,99;13,12
0,962;0;-0,99;13,13
0,962;0;-0,99;13,13
0,962;0;-0,99;13,14
0,962;0;-0,99;13,14
0,962;0;-0,99;13,14
0,962;0;-0,99;13,15
0,962;0;-0,99;13,15
0,962;0;-0,99;13,16
0,962;0;-0,99;13,16
0,962;0;-0,99;13,16
0,962;0;-0,99;13,17
0,962;0;-0,99;13,17
0,962;0;-0,99;13,18
0,962;0;-0,99;13,18
0,962;0;-0,99;13,19
0,962;0;-0,99;13,19
0,962;0;-0,99;13,19
0,962;0;-0,99;13,2
0,962;0;-0,99;13,2
0,962;0;-0,99;13,21
0,962;0;-0,99;13,21
0,962;0;-0,99;13,21
0,962;0;-0,99;13,22
0,962;0;-0,99;13,22
0,962;0;-0,99;13,23
0,962;0;-0,99;13,23
0,962;0;-0,99;13,23
0,962;0;-0,99;13,24
0,962;0;-0,99;13,24
0,962;0;-0,99;13,25
0,962;0;-0,99;13,25
0,962;0;-0,99;13,25
0,962;0;-0,99;13,26
0,962;0;-0,99;13,26
0,962;0;-0,99;13,27
0,962;0;-0,99;13,27
0,962;0;-0,99;13,27
0,962;0;-0,99;13,28
0,962;0;-0,99;13,28
0,962;0;-0,99;13,29
0,962;0;-0,99;13,29
0,962;0;-0,99;13,29
0,962;0;-0,99;13,3
0,962;0;-0,99;13,3
0,962;0;-0,99;13,31
0,962;0;-0,99;13,31
0,962;0;-0,99;13,32
0,962;0;-0,99;13,32
0,962;0;-0,99;13,32
0,962;0;-0,99;13,33
0,962;0;-0,99;13,33
0,962;0;-0,99;13,34
0,962;0;-0,99;13,34
0,962;0;-0,99;13,34
0,962;0;-0,99;13,35
0,962;0;-0,99;13,35
0,962;0;-0,99;13,35
0,962;0;-0,99;13,36
0,962;0;-0,99;13,36
0,962;0;-0,99;13,37
0,962;0;-0,99;13,37
0,962;0;-0,99;13,37
0,962;0;-0,99;13,38
0,962;0;-0,99;13,38
0,962;0;-0,99;13,39
0,962;0;-0,99;13,39
0,962;0;-0,99;13,4
0,964;0;-1,078;13,4
0,966;0;-1,17;13,41
0,966;0;-1,17;13,41
0,979;0;-1,3;13,41
0,979;0;-1,3;13,42
0,993;0;-1,476;13,42
1,016;0;-1,727;13,43
1,035;0;-1,976;13,44
1,035;0;-1,976;13,44
1,044;0;-2,248;13,45
1,066;0;-2,597;13,45
1,066;0;-2,597;13,46
1,092;0;-2,952;13,46
1,113;0;-3,311;13,46
1,113;0;-3,311;13,47
1,14;0;-3,669;13,47
1,16;0;-4,021;13,48
1,16;0;-4,021;13,48
1,2;0;-4,359;13,49
1,234;0;-4,678;13,49
1,234;0;-4,678;13,5
1,257;0,007;-4,95;13,5
1,242;0,117;-4,95;13,51
1,242;0,117;-4,95;13,51
1,228;0,211;-4,95;13,52
1,199;0,32;-4,95;13,52
1,17;0,428;-4,95;13,53
1,17;0,428;-4,95;13,53
1,155;0,55;-4,95;13,54
1,141;0,671;-4,95;13,55
1,141;0,671;-4,95;13,55
1,126;0,791;-4,95;13,56
1,141;0,91;-4,95;13,56
1,141;0,91;-4,95;13,57
1,155;1,042;-4,95;13,57
1,155;1,16;-4,95;13,58
1,155;1,16;-4,95;13,58
1,155;1,277;-4,95;13,59
1,155;1,379;-4,95;13,59
1,17;1,495;-4,95;13,6
1,17;1,495;-4,95;13,6
1,17;1,596;-4,95;13,61
1,184;1,697;-4,95;13,61
1,199;1,812;-4,95;13,62
1,199;1,812;-4,95;13,62
1,213;1,927;-4,95;13,63
1,213;2,013;-4,95;13,63
1,213;2,013;-4,95;13,64
1,228;2,099;-4,95;13,64
1,213;2,17;-4,95;13,65
1,213;2,256;-4,95;13,66
1,213;2,256;-4,95;13,66
1,213;2,356;-4,95;13,67
1,199;2,413;-4,95;13,67
1,199;2,485;-4,95;13,68
1,199;2,485;-4,95;13,68
1,199;2,542;-4,95;13,69
1,199;2,599;-4,95;13,69
1,199;2,599;-4,95;13,7
1,199;2,627;-4,95;13,7
1,213;2,67;-4,95;13,71
1,213;2,67;-4,95;13,71
1,228;2,685;-4,95;13,72
1,242;2,699;-4,95;13,72
1,257;2,713;-4,95;13,73
1,257;2,713;-4,95;13,73
1,286;2,713;-4,95;13,74
1,3;2,714;-4,95;13,74
1,3;2,714;-4,95;13,75
1,315;2,714;-4,95;13,75
1,33;2,699;-4,95;13,76
1,344;2,685;-4,95;13,76
1,344;2,685;-4,95;13,77
1,359;2,685;-4,95;13,77
1,373;2,685;-4,95;13,78
1,388;2,671;-4,95;13,79
1,388;2,671;-4,95;13,79
1,403;2,657;-4,95;13,8
1,403;2,657;-4,95;13,8
1,403;2,657;-4,95;13,81
1,417;2,657;-4,95;13,81
1,432;2,642;-4,95;13,82
1,447;2,628;-4,95;13,82
1,447;2,628;-4,95;13,83
1,447;2,614;-4,95;13,83
1,476;2,599;-4,95;13,84
1,476;2,599;-4,95;13,84
1,476;2,599;-4,95;13,85
1,505;2,585;-4,95;13,85
1,505;2,585;-4,95;13,86
1,535;2,571;-4,95;13,86
1,535;2,571;-4,95;13,86
1,535;2,571;-4,95;13,87
1,564;2,571;-4,95;13,87
1,579;2,571;-4,95;13,88
1,594;2,571;-4,95;13,88
1,594;2,571;-4,95;13,89
1,609;2,571;-4,95;13,89
1,624;2,585;-4,95;13,9
1,624;2,585;-4,95;13,9
1,624;2,6;-4,95;13,91
1,624;2,6;-4,95;13,91
1,638;2,6;-4,95;13,92
1,653;2,6;-4,95;13,92
1,653;2,6;-4,95;13,93
1,668;2,614;-4,95;13,93
1,683;2,629;-4,95;13,94
1,698;2,629;-4,95;13,94
1,698;2,629;-4,95;13,95
1,728;2,643;-4,95;13,95
1,757;2,643;-4,95;13,96
1,757;2,643;-4,95;13,96
1,787;2,658;-4,95;13,97
1,817;2,658;-4,95;13,97
1,817;2,658;-4,95;13,98
1,832;2,672;-4,95;13,98
1,862;2,687;-4,95;13,99
1,862;2,687;-4,95;13,99
1,877;2,716;-4,95;14
1,892;2,745;-4,95;14
1,907;2,76;-4,95;14,01
1,907;2,76;-4,95;14,01
1,907;2,775;-4,95;14,02
1,907;2,775;-4,95;14,02
1,922;2,804;-4,95;14,03
1,922;2,818;-4,95;14,03
1,922;2,833;-4,95;14,04
1,922;2,833;-4,95;14,04
1,922;2,848;-4,95;14,05
1,922;2,862;-4,95;14,05
1,922;2,862;-4,95;14,06
1,922;2,877;-4,95;14,06
1,907;2,891;-4,95;14,07
1,907;2,891;-4,95;14,07
1,907;2,891;-4,95;14,08
1,892;2,905;-4,95;14,08
1,892;2,92;-4,95;14,09
1,892;2,92;-4,95;14,1
1,862;2,934;-4,95;14,1
1,862;2,934;-4,95;14,11
1,862;2,934;-4,95;14,11
1,847;2,963;-4,95;14,12
1,847;2,963;-4,95;14,12
1,832;2,978;-4,95;14,13
1,832;2,992;-4,95;14,13
1,832;2,992;-4,95;14,14
1,817;3,006;-4,95;14,14
1,817;3,006;-4,95;14,14
1,817;3,006;-4,95;14,15
1,802;3,021;-4,95;14,15
1,802;3,021;-4,95;14,16
1,802;3,035;-4,95;14,17
1,802;3,035;-4,95;14,17
1,802;3,035;-4,95;14,18
1,802;3,035;-4,95;14,18
1,802;3,035;-4,95;14,19
1,802;3,05;-4,95;14,19
1,802;3,05;-4,95;14,2
1,802;3,05;-4,95;14,2
1,802;3,05;-4,95;14,21
1,802;3,05;-4,95;14,21
1,802;3,05;-4,95;14,22
1,802;3,05;-4,95;14,22
1,802;3,05;-4,95;14,22
1,802;3,064;-4,95;14,23
1,802;3,064;-4,95;14,23
1,802;3,064;-4,95;14,24
1,802;3,064;-4,95;14,24
1,802;3,064;-4,95;14,25
1,802;3,064;-4,95;14,25
1,802;3,064;-4,95;14,26
1,802;3,064;-4,95;14,26
1,802;3,064;-4,95;14,26
1,802;3,064;-4,95;14,27
1,802;3,079;-4,95;14,27
1,802;3,079;-4,95;14,28
1,802;3,079;-4,95;14,28
1,802;3,079;-4,95;14,29
1,802;3,079;-4,95;14,29
1,802;3,079;-4,95;14,29
1,802;3,079;-4,95;14,3
1,802;3,079;-4,95;14,3
1,802;3,079;-4,95;14,31
1,802;3,079;-4,95;14,31
1,802;3,079;-4,95;14,32
1,802;3,079;-4,95;14,32
1,802;3,079;-4,95;14,32
1,802;3,079;-4,95;14,33
1,802;3,079;-4,95;14,33
1,802;3,079;-4,95;14,34
1,802;3,079;-4,95;14,34
1,802;3,079;-4,95;14,35
1,802;3,079;-4,95;14,35
1,802;3,079;-4,95;14,35
1,802;3,079;-4,95;14,36
1,802;3,079;-4,95;14,36
1,802;3,079;-4,95;14,37
1,802;3,079;-4,95;14,37
1,802;3,079;-4,95;14,37
1,802;3,079;-4,95;14,38
1,802;3,079;-4,95;14,38
1,802;3,079;-4,95;14,39
1,802;3,079;-4,95;14,39
1,802;3,079;-4,95;14,39
1,802;3,079;-4,95;14,4
1,802;3,079;-4,95;14,4
1,802;3,079;-4,95;14,41
1,802;3,079;-4,95;14,41
1,802;3,079;-4,95;14,42
1,802;3,079;-4,95;14,42
1,802;3,079;-4,95;14,42
1,802;3,079;-4,95;14,43
1,802;3,079;-4,95;14,43
1,802;3,079;-4,95;14,44
1,802;3,079;-4,95;14,44
1,802;3,079;-4,95;14,44
1,802;3,079;-4,95;14,45
1,802;3,079;-4,95;14,45
1,802;3,079;-4,95;14,45
1,802;3,079;-4,95;14,46
1,802;3,079;-4,95;14,46
1,802;3,079;-4,95;14,47
1,802;3,079;-4,95;14,47
1,802;3,079;-4,95;14,47
1,802;3,079;-4,95;14,48
1,802;3,079;-4,95;14,48
1,802;3,079;-4,95;14,49
1,802;3,079;-4,95;14,49
1,802;3,079;-4,95;14,5
1,802;3,079;-4,95;14,5
1,802;3,079;-4,95;14,5
1,802;3,079;-4,95;14,51
1,802;3,079;-4,95;14,51
1,802;3,079;-4,95;14,52
1,802;3,079;-4,95;14,52
1,802;3,079;-4,95;14,53
1,802;3,079;-4,95;14,53
1,802;3,079;-4,95;14,53
1,802;3,079;-4,95;14,54
1,802;3,079;-4,95;14,54
1,802;3,079;-4,95;14,55
1,802;3,079;-4,95;14,55
1,802;3,079;-4,95;14,55
1,802;3,079;-4,95;14,56
1,802;3,079;-4,95;14,56
1,802;3,079;-4,95;14,57
1,802;3,079;-4,95;14,57
1,802;3,079;-4,95;14,58
1,802;3,094;-4,95;14,58
1,802;3,094;-4,95;14,59
1,817;3,123;-4,95;14,59
1,847;3,153;-4,95;14,6
1,847;3,167;-4,95;14,6
1,847;3,167;-4,95;14,61
1,877;3,197;-4,95;14,61
1,892;3,212;-4,95;14,62
1,892;3,212;-4,95;14,62
1,907;3,242;-4,95;14,63
1,907;3,242;-4,95;14,63
1,922;3,257;-4,95;14,63
1,968;3,302;-4,95;14,66
1,983;3,317;-4,95;14,66
1,983;3,317;-4,95;14,67
1,983;3,331;-4,95;14,67
1,998;3,332;-4,95;14,68
1,998;3,332;-4,95;14,68
1,998;3,346;-4,95;14,69
1,998;3,346;-4,95;14,69
1,998;3,346;-4,95;14,69
2,013;3,347;-4,95;14,7
2,013;3,347;-4,95;14,7
2,013;3,347;-4,95;14,71
2,013;3,347;-4,95;14,71
2,013;3,347;-4,95;14,72
2,013;3,347;-4,95;14,72
2,013;3,347;-4,95;14,73
2,013;3,347;-4,95;14,73
2,013;3,347;-4,95;14,73
2,013;3,347;-4,95;14,74
2,013;3,347;-4,95;14,74
2,013;3,347;-4,95;14,74
2,013;3,347;-4,95;14,75
2,013;3,347;-4,95;14,75
2,013;3,347;-4,95;14,75
1,998;3,332;-4,95;14,76
1,998;3,332;-4,95;14,76
1,998;3,332;-4,95;14,77
1,998;3,332;-4,95;14,77
1,998;3,332;-4,95;14,78
1,998;3,332;-4,95;14,78
1,998;3,332;-4,95;14,78
1,998;3,332;-4,95;14,79
1,998;3,332;-4,95;14,79
1,998;3,332;-4,95;14,8
1,998;3,332;-4,95;14,8
1,998;3,332;-4,95;14,8
1,998;3,332;-4,95;14,81
1,998;3,332;-4,95;14,81
1,998;3,332;-4,95;14,81
1,998;3,332;-4,95;14,82
1,998;3,332;-4,95;14,82
1,998;3,332;-4,95;14,83
1,998;3,332;-4,95;14,83
1,998;3,332;-4,95;14,84
1,998;3,332;-4,95;14,84
1,998;3,332;-4,95;14,84
1,998;3,332;-4,95;14,85
1,998;3,332;-4,95;14,85
1,998;3,332;-4,95;14,86
1,998;3,332;-4,95;14,86
1,998;3,332;-4,95;14,87
1,998;3,332;-4,95;14,87
1,998;3,332;-4,95;14,87
1,998;3,332;-4,95;14,88
1,998;3,332;-4,95;14,88
1,998;3,332;-4,95;14,88
1,998;3,332;-4,95;14,89
1,998;3,332;-4,95;14,89
1,998;3,332;-4,95;14,89
1,998;3,332;-4,95;14,9
1,998;3,332;-4,95;14,9
1,998;3,332;-4,95;14,91
1,998;3,332;-4,95;14,91
1,998;3,332;-4,95;14,92
1,998;3,332;-4,95;14,92
1,998;3,332;-4,95;14,92
1,998;3,332;-4,95;14,93
1,998;3,332;-4,95;14,93
1,998;3,332;-4,95;14,94
1,998;3,332;-4,95;14,94
1,998;3,332;-4,95;14,95
1,998;3,332;-4,95;14,95
1,998;3,332;-4,95;14,95
1,998;3,332;-4,95;14,97
1,998;3,332;-4,95;14,98
1,998;3,332;-4,95;14,98
1,998;3,332;-4,95;14,99
1,998;3,332;-4,95;14,99
1,998;3,332;-4,95;15
1,998;3,332;-4,95;15
1,998;3,332;-4,95;15
1,998;3,332;-4,95;15,01
1,998;3,332;-4,95;15,01
1,998;3,332;-4,95;15,02
1,998;3,332;-4,95;15,02
1,998;3,332;-4,95;15,02
1,998;3,332;-4,95;15,03
1,998;3,332;-4,95;15,03
1,998;3,332;-4,95;15,04
1,998;3,332;-4,95;15,04
1,998;3,332;-4,95;15,04
1,998;3,332;-4,95;15,05
1,998;3,332;-4,95;15,05
1,998;3,332;-4,95;15,06
1,998;3,332;-4,95;15,24
